trial_id,asset,start_date,end_date,trading_days,trades_executed,win_rate,loss_rate,strategy_roi,bnh_roi,strategy_mdd,bnh_mdd,mdd_reduction,risk_lower
1,NIFTY 50,2023-12-05,2024-11-06,227,1135,80.88105726872247,19.118942731277528,34.22958635582627,16.102541991050412,11.302431483850873,8.470769264237424,-2.831662219613449,False
2,NIFTY 50,2022-08-03,2026-08-04,985,4925,81.13705583756345,18.86294416243655,60.863123424758236,42.47806825162566,19.56562245554429,15.766678303740743,-3.7989441518035463,False
3,NIFTY 50,2025-01-02,2025-10-16,196,980,81.53061224489797,18.469387755102034,2.9801837317541935,4.691871486409438,7.062148928567619,8.706562648142786,1.6444137195751667,True
4,NIFTY 50,2024-08-29,2025-03-27,145,725,83.03448275862068,16.965517241379317,-11.161283938920096,-6.620161303974481,18.923670048296373,15.766678303740743,-3.1569917445556293,False
5,NIFTY 50,2019-12-03,2020-11-26,246,1230,81.95121951219512,18.048780487804876,35.40036027598135,7.2051506664883025,12.441085802889965,38.4398524527421,25.998766649852136,True
6,NIFTY 50,2019-05-13,2020-09-24,339,1695,81.82890855457227,18.171091445427734,14.283802737086226,-0.1466657007502925,14.186916082579001,38.4398524527421,24.2529363701631,True
7,NIFTY 50,2018-05-11,2020-09-25,583,2915,80.65180102915951,19.348198970840485,4.662567101396098,-0.008792812774716108,18.499794666093297,38.4398524527421,19.940057786648804,True
8,NIFTY 50,2022-07-25,2024-08-02,497,2485,80.60362173038229,19.396378269617713,74.42545822680408,50.38723101812879,13.016505406732051,9.926640365448506,-3.089865041283545,False
9,NIFTY 50,2018-07-11,2022-07-28,996,4980,81.18473895582329,18.815261044176708,107.41951999718,52.00351724132395,18.595003464884353,38.4398524527421,19.84484898785775,True
10,NIFTY 50,2023-05-31,2026-08-07,786,3930,81.65394402035624,18.346055979643765,54.531903937593306,32.92040465717623,19.565622455544325,15.766678303740743,-3.798944151803582,False
11,NIFTY 50,2019-05-30,2023-01-09,894,4470,81.56599552572706,18.43400447427294,106.99373781794046,49.50274683996094,19.52502716596152,38.4398524527421,18.91482528678058,True
12,NIFTY 50,2023-11-01,2026-05-06,616,3080,81.78571428571428,18.214285714285722,44.19976612995329,26.560695380637277,19.565622455544343,15.766678303740743,-3.7989441518035996,False
13,NIFTY 50,2019-07-30,2023-05-08,930,4650,81.44086021505376,18.55913978494624,119.8832297663127,62.998172039695376,19.525027165961507,38.4398524527421,18.914825286780594,True
14,NIFTY 50,2021-11-23,2023-02-27,316,1580,80.44303797468353,19.556962025316466,-7.687004079752546,-0.21452367097145597,18.775057627595025,16.465934060306942,-2.3091235672880828,False
15,NIFTY 50,2022-10-24,2024-06-12,401,2005,80.69825436408978,19.301745635910223,55.03906340137754,31.211875467055815,13.016505406732112,9.926640365448506,-3.0898650412836055,False
16,NIFTY 50,2023-06-07,2025-10-17,584,2920,81.47260273972603,18.527397260273972,56.571380030765695,36.6269023814036,19.565622455544336,15.766678303740743,-3.7989441518035925,False
17,NIFTY 50,2019-01-11,2019-08-20,146,730,80.54794520547945,19.45205479452055,3.362581253756658,2.3988086153926336,11.714272055519254,10.200146623124041,-1.514125432395213,False
18,NIFTY 50,2021-06-29,2025-01-08,872,4360,80.87155963302752,19.128440366972484,65.37118289321798,50.541164981946075,19.52502716596159,17.22975608467007,-2.2952710812915207,False
19,NIFTY 50,2019-12-13,2022-09-16,685,3425,81.81021897810218,18.189781021897815,122.72531663227059,47.90968669478761,18.59500346488427,38.4398524527421,19.84484898785783,True
20,NIFTY 50,2020-02-04,2020-10-29,183,915,82.5136612021858,17.4863387978142,22.147487527814413,-2.087296148856599,10.774530574543004,37.627037683360584,26.85250710881758,True
21,NIFTY 50,2020-11-06,2024-02-12,806,4030,80.89330024813896,19.106699751861044,125.81916024360815,77.61986004797788,19.525027165961546,17.22975608467007,-2.295271081291478,False
22,NIFTY 50,2018-10-09,2022-06-16,907,4535,81.43329658213891,18.566703417861092,115.25924483986371,52.335448213096456,18.59500346488436,38.4398524527421,19.84484898785774,True
23,NIFTY 50,2021-11-25,2025-03-05,811,4055,81.06041923551172,18.939580764488284,40.83709086800575,25.925727510870345,18.92367004829635,16.465934060306942,-2.457735987989409,False
24,NIFTY 50,2023-02-21,2025-12-05,687,3435,81.51382823871907,18.48617176128093,65.641608329667,46.03797192369679,19.56562245554435,15.766678303740743,-3.7989441518036067,False
25,NIFTY 50,2022-09-09,2026-07-28,956,4780,81.04602510460252,18.95397489539748,52.24058126255513,34.556601784643526,19.565622455544336,15.766678303740743,-3.7989441518035925,False
26,NIFTY 50,2020-08-24,2023-02-03,609,3045,81.18226600985223,18.817733990147772,87.2753136612589,53.58197254302954,19.525027165961472,17.22975608467007,-2.2952710812914034,False
27,NIFTY 50,2021-06-07,2022-01-04,145,725,80.96551724137932,19.034482758620683,21.084862895545655,11.897476020927877,14.57594504847391,10.081974577838853,-4.493970470635057,False
28,NIFTY 50,2023-04-10,2024-06-18,291,1455,81.5807560137457,18.4192439862543,61.510642746386644,33.14532453764687,8.851749507472812,6.611908149387101,-2.2398413580857115,False
29,NIFTY 50,2020-06-19,2022-07-08,512,2560,81.484375,18.515625,99.0956170978676,57.480182104057235,18.59500346488424,17.22975608467007,-1.3652473802141714,False
30,NIFTY 50,2018-01-19,2019-11-14,440,2200,80.72727272727272,19.27272727272728,-0.07200929720116989,8.680826301277333,18.49979466609331,14.554670528602461,-3.9451241374908506,False
31,NIFTY 50,2021-03-01,2022-08-23,366,1830,81.36612021857923,18.633879781420774,28.80833272245966,18.48823091187799,18.59500346488435,17.22975608467007,-1.3652473802142815,False
32,NIFTY 50,2020-04-28,2022-03-16,470,2350,81.57446808510637,18.425531914893625,112.52864049391698,77.62687275362737,15.809047368421995,14.146740308131392,-1.662307060290603,False
33,NIFTY 50,2018-05-17,2020-04-15,464,2320,80.3448275862069,19.655172413793096,-2.214102663310502,-15.809210733804512,18.49979466609328,38.4398524527421,19.940057786648822,True
34,NIFTY 50,2021-11-23,2023-11-15,491,2455,80.40733197556008,19.592668024439917,5.753542843080783,11.084742150358506,18.775057627595025,16.465934060306942,-2.3091235672880828,False
35,NIFTY 50,2023-11-22,2026-03-30,579,2895,82.03799654576856,17.962003454231436,34.33335965127397,15.181570924991927,19.56562245554421,15.766678303740743,-3.798944151803468,False
36,NIFTY 50,2021-02-26,2023-09-18,633,3165,80.88467614533965,19.115323854660346,42.46053064183373,38.9781856921531,19.5250271659615,17.22975608467007,-2.295271081291432,False
37,NIFTY 50,2018-11-01,2019-07-01,159,795,80.0,20.0,8.821940368861725,13.567806670836791,7.711917986854933,5.420735072835703,-2.2911829140192292,False
38,NIFTY 50,2024-06-12,2025-04-08,205,1025,80.39024390243902,19.609756097560975,-1.4556943697274116,-4.979428624066795,18.92367004829635,15.766678303740743,-3.156991744555608,False
39,NIFTY 50,2022-03-03,2026-03-16,996,4980,81.4859437751004,18.514056224899605,57.85624877415154,40.3262719719967,19.56562245554435,15.766678303740743,-3.7989441518036067,False
40,NIFTY 50,2020-04-29,2022-05-24,514,2570,81.47859922178988,18.521400778210122,104.08446984179443,69.72790548145029,18.59500346488433,14.585121957664967,-4.009881507219362,False
41,NIFTY 50,2025-04-17,2026-03-20,230,1150,82.86956521739131,17.13043478260869,2.166956206788062,-3.561598405508659,9.719187511384739,12.634194788244525,2.915007276859786,True
42,NIFTY 50,2020-11-11,2024-09-12,946,4730,80.73995771670191,19.26004228329809,169.60422902178678,95.45184153662201,19.5250271659615,17.22975608467007,-2.295271081291432,False
43,NIFTY 50,2020-12-22,2023-02-03,526,2630,81.02661596958175,18.973384030418245,45.40761900670458,30.77386250152381,19.525027165961507,17.22975608467007,-2.295271081291439,False
44,NIFTY 50,2018-08-27,2021-06-08,680,3400,81.02941176470588,18.970588235294116,76.5317119059406,34.722181736115346,18.49979466609334,38.4398524527421,19.94005778664876,True
45,NIFTY 50,2022-01-18,2023-05-16,326,1630,80.49079754601227,19.509202453987726,-11.401322984475348,1.5778613529911167,17.395741881393427,15.566404662039046,-1.8293372193543807,False
46,NIFTY 50,2021-04-30,2022-11-30,394,1970,81.5228426395939,18.477157360406096,30.13496037513006,27.249839576789746,19.525027165961664,17.22975608467007,-2.2952710812915953,False
47,NIFTY 50,2019-11-18,2021-06-21,395,1975,81.11392405063292,18.886075949367083,89.68044046168461,31.964740707434046,12.44108580288993,38.4398524527421,25.998766649852172,True
48,NIFTY 50,2023-03-03,2025-07-22,586,2930,81.12627986348123,18.87372013651877,61.7025077391603,42.60657413207609,19.565622455544343,15.766678303740743,-3.7989441518035996,False
49,NIFTY 50,2019-03-15,2022-07-21,826,4130,81.47699757869249,18.52300242130751,113.61353637809235,44.57921626815406,18.59500346488425,38.4398524527421,19.84484898785785,True
50,NIFTY 50,2020-12-08,2024-05-17,849,4245,81.10718492343933,18.892815076560666,109.18467692553745,67.28091482947718,19.52502716596149,17.22975608467007,-2.295271081291421,False
51,NIFTY 50,2019-05-22,2022-12-01,873,4365,81.55784650630011,18.44215349369989,125.8352238444902,59.81009367192447,19.525027165961536,38.4398524527421,18.914825286780566,True
52,NIFTY 50,2021-03-23,2021-12-10,177,885,81.92090395480226,18.079096045197744,34.87678317574379,18.239252160009457,11.855704193482282,8.468888242911127,-3.3868159505711546,False
53,NIFTY 50,2021-02-10,2022-06-28,341,1705,81.40762463343108,18.592375366568916,16.73977562149109,4.802898121255761,18.595003464884336,17.22975608467007,-1.3652473802142673,False
54,NIFTY 50,2019-07-22,2020-10-27,312,1560,82.3076923076923,17.692307692307693,21.4690015464013,3.715339033605769,12.441085802889866,38.4398524527421,25.998766649852236,True
55,NIFTY 50,2022-05-02,2024-10-30,617,3085,81.03727714748784,18.962722852512158,75.96510418064071,43.34001306042454,13.016505406732124,10.402421041586592,-2.6140843651455317,False
56,NIFTY 50,2018-01-22,2019-03-15,281,1405,80.0,20.0,-3.875189768931253,3.438290364685015,18.499794666093244,14.554670528602461,-3.945124137490783,False
57,NIFTY 50,2018-04-09,2022-01-27,937,4685,80.91782283884739,19.082177161152615,126.48445021195425,66.46466174666608,18.499794666093283,38.4398524527421,19.94005778664882,True
58,NIFTY 50,2020-02-18,2024-02-06,981,4905,81.34556574923548,18.654434250764524,179.01746979933222,81.54429200542006,19.525027165961635,37.239712063907625,17.71468489794599,True
59,NIFTY 50,2022-09-07,2024-08-02,468,2340,80.29914529914531,19.70085470085469,64.51328565969987,41.91064567467,13.0165054067321,9.926640365448506,-3.089865041283595,False
60,NIFTY 50,2022-06-02,2025-07-17,772,3860,80.82901554404145,19.170984455958546,62.456185479272385,51.62407253578303,19.565622455544297,15.766678303740743,-3.7989441518035534,False
61,NIFTY 50,2024-03-06,2025-04-01,263,1315,81.59695817490494,18.40304182509506,8.657736238581704,4.651136718962512,18.923670048296405,15.766678303740743,-3.1569917445556612,False
62,NIFTY 50,2019-08-07,2022-07-04,717,3585,81.81311018131102,18.186889818688982,115.2942203704177,45.10662617739855,18.595003464884293,38.4398524527421,19.84484898785781,True
63,NIFTY 50,2019-09-19,2022-12-12,799,3995,81.30162703379224,18.698372966207756,133.44436638428263,72.78790773159128,19.52502716596158,38.4398524527421,18.914825286780523,True
64,NIFTY 50,2019-07-19,2021-03-23,413,2065,81.84019370460048,18.15980629539952,67.95938679349689,29.048758811874677,12.441085802889926,38.4398524527421,25.998766649852175,True
65,NIFTY 50,2018-12-10,2022-07-29,897,4485,81.56075808249722,18.439241917502784,123.22202652571596,61.41183200680287,18.595003464884247,38.4398524527421,19.844848987857855,True
66,NIFTY 50,2022-04-11,2022-12-09,165,825,81.81818181818183,18.181818181818173,1.8938908578222557,5.286580340687852,12.617788396662332,13.473584502430722,0.8557961057683894,True
67,NIFTY 50,2018-10-25,2019-11-22,259,1295,81.93050193050193,18.069498069498067,7.196041544437737,18.207586532969366,14.186916082578986,11.446782470660228,-2.7401336119187576,False
68,NIFTY 50,2021-03-04,2025-01-29,964,4820,80.99585062240664,19.004149377593365,78.16465168766034,52.2288347728064,19.52502716596157,17.22975608467007,-2.295271081291503,False
69,NIFTY 50,2022-05-12,2022-12-27,157,785,82.67515923566879,17.324840764331213,8.235911791304718,13.958752589669787,12.617788396662316,8.209996510225439,-4.407791886436877,False
70,NIFTY 50,2019-08-30,2022-03-15,627,3135,81.30781499202551,18.692185007974487,119.378925596108,53.0519654480303,15.809047368422007,38.4398524527421,22.630805084320095,True
71,NIFTY 50,2021-04-13,2024-02-07,698,3490,81.26074498567336,18.739255014326645,77.06677530963466,51.187197933873584,19.525027165961514,17.22975608467007,-2.295271081291446,False
72,NIFTY 50,2020-10-15,2021-09-09,223,1115,81.88340807174887,18.116591928251125,81.53672032227557,48.570039256971896,10.237728404746319,6.8973797514872635,-3.3403486532590554,False
73,NIFTY 50,2020-12-16,2024-12-30,996,4980,80.86345381526104,19.13654618473896,120.67783873409863,74.04021173235336,19.525027165961568,17.22975608467007,-2.2952710812914994,False
74,NIFTY 50,2021-11-30,2024-08-20,671,3355,80.65573770491802,19.344262295081975,60.59609675734381,44.687994730085954,18.77505762759499,16.465934060306942,-2.3091235672880472,False
75,NIFTY 50,2020-07-07,2023-12-28,863,4315,81.11239860950174,18.88760139049826,168.3221390185529,100.51343531266656,19.525027165961557,17.22975608467007,-2.2952710812914887,False
76,NIFTY 50,2020-08-18,2022-12-27,586,2930,81.4334470989761,18.566552901023897,96.97701666394289,58.226143486549574,19.52502716596151,17.22975608467007,-2.2952710812914425,False
77,NIFTY 50,2022-03-08,2025-10-17,893,4465,81.03023516237403,18.969764837625974,65.36289493969716,59.77381806663624,19.56562245554434,15.766678303740743,-3.798944151803596,False
78,NIFTY 50,2020-01-23,2021-06-11,342,1710,81.87134502923976,18.128654970760238,86.14660338371966,29.20606144085496,11.155037913539374,37.86663400894005,26.71159609540068,True
79,NIFTY 50,2019-08-19,2023-03-23,891,4455,81.27946127946129,18.720538720538713,111.21711992212676,55.16604804193654,19.52502716596163,38.4398524527421,18.91482528678047,True
80,NIFTY 50,2021-03-26,2025-04-07,995,4975,81.1859296482412,18.8140703517588,97.06142271268286,57.88223533747659,19.525027165961454,17.22975608467007,-2.2952710812913857,False
81,NIFTY 50,2018-11-02,2020-12-14,517,2585,81.54738878143132,18.452611218568677,55.691173590435184,28.056946928598503,14.186916082578952,38.4398524527421,24.252936370163148,True
82,NIFTY 50,2025-08-20,2026-03-13,139,695,85.03597122302158,14.964028776978424,0.7158242935438874,-5.634209015801018,9.447922604030323,10.214768040101427,0.7668454360711046,True
83,NIFTY 50,2021-08-18,2024-05-21,678,3390,80.97345132743364,19.026548672566364,46.11834949240923,35.59239258628561,19.525027165961514,17.22975608467007,-2.295271081291446,False
84,NIFTY 50,2021-07-08,2023-11-17,585,2925,80.68376068376068,19.31623931623932,26.056169350962264,25.669661733943407,19.525027165961568,17.22975608467007,-2.2952710812914994,False
85,NIFTY 50,2023-02-16,2026-08-26,867,4335,81.66089965397923,18.33910034602077,56.417020846712006,34.92322961376295,19.565622455544347,15.766678303740743,-3.798944151803603,False
86,NIFTY 50,2022-02-23,2024-12-10,688,3440,80.90116279069768,19.098837209302317,55.27217557266806,44.280837472345546,13.521059825608278,15.28742691630656,1.7663670906982816,True
87,NIFTY 50,2025-02-17,2026-01-08,220,1100,82.27272727272728,17.72727272727272,13.074060497216733,13.855920207321581,7.062148928567651,6.367286500826144,-0.6948624277415067,False
88,NIFTY 50,2023-10-20,2026-04-15,609,3045,81.87192118226601,18.128078817733993,38.11747183673149,22.0031567574007,19.565622455544286,15.766678303740743,-3.7989441518035427,False
89,NIFTY 50,2021-01-19,2022-06-27,355,1775,81.40845070422536,18.59154929577464,27.18021770509973,8.112990897302419,18.595003464884314,17.22975608467007,-1.365247380214246,False
90,NIFTY 50,2022-11-09,2026-01-02,779,3895,81.23234916559691,18.767650834403085,64.68859485459997,44.00259283609627,19.565622455544336,15.766678303740743,-3.7989441518035925,False
91,NIFTY 50,2022-04-25,2025-01-02,665,3325,81.08270676691728,18.917293233082717,60.446394225731616,40.04347945295748,16.250520443378985,11.316584717580882,-4.9339357257981025,False
92,NIFTY 50,2022-10-21,2025-06-11,649,3245,80.30816640986133,19.69183359013867,56.627251691938184,42.83011148045808,19.565622455544315,15.766678303740743,-3.798944151803571,False
93,NIFTY 50,2022-07-05,2026-06-03,963,4815,81.32917964693665,18.67082035306335,64.41989188427783,48.528076361725006,19.56562245554436,15.766678303740743,-3.7989441518036173,False
94,NIFTY 50,2020-05-18,2024-01-31,920,4600,81.1086956521739,18.891304347826093,179.93020151978496,143.9248531932678,19.525027165961532,17.22975608467007,-2.295271081291464,False
95,NIFTY 50,2020-04-16,2023-07-13,806,4030,81.14143920595534,18.858560794044664,140.05910723946272,115.55356732333712,19.525027165961625,17.22975608467007,-2.295271081291556,False
96,NIFTY 50,2022-02-11,2024-12-12,698,3490,80.83094555873926,19.16905444126074,49.906737663832445,41.82535450150362,13.52105982560822,15.28742691630656,1.7663670906983402,True
97,NIFTY 50,2021-03-30,2024-05-14,770,3850,81.24675324675324,18.753246753246756,78.98982314074976,48.897962040556585,19.525027165961532,17.22975608467007,-2.295271081291464,False
98,NIFTY 50,2024-09-05,2025-04-17,152,760,82.89473684210526,17.10526315789474,-11.888339305456764,-6.7921798567393,18.92367004829635,15.766678303740743,-3.156991744555608,False
99,NIFTY 50,2023-07-14,2026-04-21,680,3400,81.61764705882352,18.382352941176478,42.53760234350645,24.536019879756708,19.56562245554437,15.766678303740743,-3.798944151803628,False
100,NIFTY 50,2018-10-09,2022-07-07,922,4610,81.45336225596529,18.54663774403471,117.29061511945771,55.224953843163924,18.59500346488436,38.4398524527421,19.84484898785774,True
1,S&P 500,2023-08-08,2024-12-26,349,1745,83.66762177650429,16.33237822349571,53.330274360356825,34.24161098588889,12.228718740513617,8.822413467041553,-3.4063052734720642,False
2,S&P 500,2023-03-13,2025-03-12,501,2505,84.03193612774452,15.968063872255485,75.09768228425318,44.51287969443545,13.649262818826205,10.276617093291367,-3.372645725534838,False
3,S&P 500,2020-06-30,2023-07-05,757,3785,84.94055482166446,15.059445178335537,127.58433981823605,43.71525849553517,16.651788088820922,25.4250966192304,8.773308530409476,True
4,S&P 500,2023-02-06,2026-07-27,869,4345,84.21173762945915,15.78826237054085,154.28760014266464,80.29276588183704,13.649262818826191,18.902206184284008,5.252943365457817,True
5,S&P 500,2020-10-26,2022-09-27,483,2415,84.472049689441,15.527950310559007,50.57625263274039,7.47051783896957,16.65178808882085,23.79872253420547,7.14693444538462,True
6,S&P 500,2023-09-14,2026-01-07,580,2900,83.62068965517241,16.379310344827587,96.89479940549894,54.15461751519681,12.639114588455701,18.902206184284008,6.263091595828307,True
7,S&P 500,2019-04-08,2022-05-02,773,3865,84.03622250970247,15.963777490297531,93.47685407873445,42.68847829462998,23.754961245149772,33.92496000265327,10.1699987575035,True
8,S&P 500,2022-12-15,2026-02-27,801,4005,84.09488139825218,15.905118601747816,140.30614991080262,77.34351185987936,13.649262818826202,18.902206184284008,5.252943365457806,True
9,S&P 500,2020-09-18,2024-06-20,943,4715,84.28419936373277,15.715800636267232,153.84452225533755,65.2983709322123,16.651788088820812,25.4250966192304,8.773308530409587,True
10,S&P 500,2022-12-28,2026-02-20,788,3940,84.06091370558376,15.939086294416242,138.7130266051035,81.37698018768502,13.64926281882618,18.902206184284008,5.252943365457828,True
11,S&P 500,2022-07-08,2025-10-08,816,4080,83.82352941176471,16.17647058823529,126.74063793944481,72.19635033114491,13.649262818826177,18.902206184284008,5.252943365457831,True
12,S&P 500,2019-10-03,2023-07-20,954,4770,84.73794549266248,15.262054507337524,147.09663036678916,56.863648030438,23.75496124514978,33.92496000265327,10.169998757503492,True
13,S&P 500,2023-02-17,2025-11-14,688,3440,83.6046511627907,16.395348837209298,114.8208867471221,65.17140070959022,13.649262818826188,18.902206184284008,5.252943365457821,True
14,S&P 500,2023-08-09,2026-02-19,634,3170,83.65930599369085,16.34069400630915,95.52031343708424,54.02320470126898,12.639114588455675,18.902206184284008,6.2630915958283335,True
15,S&P 500,2022-07-08,2024-07-22,511,2555,84.10958904109589,15.890410958904113,62.28639423466875,41.1762938067326,13.649262818826177,16.913735319636388,3.2644725008102107,True
16,S&P 500,2021-10-12,2024-09-18,737,3685,84.72184531886025,15.278154681139753,70.61643950461942,29.5112271637757,16.651788088820794,25.4250966192304,8.773308530409604,True
17,S&P 500,2020-10-09,2021-08-04,205,1025,84.48780487804878,15.512195121951223,53.72671896789303,27.206555933652865,10.122170852196152,7.4771805930645305,-2.644990259131622,False
18,S&P 500,2018-01-03,2018-12-12,237,1185,83.71308016877637,16.286919831223628,-2.002258820945857,-2.811586461392712,10.924565038327716,10.174526704981659,-0.7500383333460565,False
19,S&P 500,2018-11-13,2021-11-30,766,3830,83.99477806788512,16.00522193211488,141.88432407403658,71.01257581917353,23.75496124514979,33.92496000265327,10.169998757503482,True
20,S&P 500,2021-05-25,2024-02-22,690,3450,84.55072463768116,15.449275362318843,47.59139942476123,18.950461043056734,16.651788088820872,25.4250966192304,8.773308530409526,True
21,S&P 500,2022-12-15,2026-05-22,860,4300,84.20930232558139,15.79069767441861,163.97235271183948,91.12417929394212,13.649262818826202,18.902206184284008,5.252943365457806,True
22,S&P 500,2023-09-01,2025-09-15,509,2545,83.41846758349706,16.581532416502938,75.82343475906693,45.80658471500212,12.639114588455724,18.902206184284008,6.263091595828284,True
23,S&P 500,2022-08-02,2025-08-15,762,3810,83.96325459317585,16.036745406824153,111.11581062049058,58.10901306721272,13.649262818826235,18.902206184284008,5.252943365457773,True
24,S&P 500,2024-10-15,2025-07-02,177,885,83.50282485875707,16.497175141242934,10.466799145043048,6.58182119846995,12.63911458845571,18.902206184284008,6.263091595828298,True
25,S&P 500,2018-12-24,2022-05-16,854,4270,84.02810304449648,15.971896955503524,115.50681184378692,71.14923760963794,23.75496124514979,33.92496000265327,10.169998757503482,True
26,S&P 500,2018-10-19,2022-08-15,960,4800,83.95833333333333,16.04166666666667,121.63569362876584,54.64198227599311,23.75496124514979,33.92496000265327,10.169998757503482,True
27,S&P 500,2018-06-27,2019-09-18,308,1540,83.24675324675324,16.753246753246756,14.788840801334757,11.337482604856497,11.451626383377523,19.77821043568199,8.326584052304469,True
28,S&P 500,2021-01-19,2023-02-17,525,2625,84.76190476190476,15.23809523809524,39.20077872162637,7.673253821334813,16.65178808882087,25.4250966192304,8.77330853040953,True
29,S&P 500,2019-02-12,2020-10-08,418,2090,83.49282296650718,16.507177033492823,37.42018782868366,24.582015926472735,23.75496124514979,33.92496000265327,10.169998757503482,True
30,S&P 500,2021-07-07,2025-05-05,961,4805,84.14151925078043,15.858480749219567,83.67300660556174,30.484177268373024,16.651788088820705,25.4250966192304,8.773308530409693,True
31,S&P 500,2018-10-12,2021-09-14,734,3670,83.59673024523161,16.403269754768388,120.06506243280216,61.49332231296458,23.75496124514978,33.92496000265327,10.169998757503492,True
32,S&P 500,2020-12-24,2023-07-07,635,3175,84.62992125984252,15.370078740157481,61.82152736083215,19.133629321294787,16.651788088820847,25.4250966192304,8.773308530409551,True
33,S&P 500,2020-06-03,2021-06-25,268,1340,85.07462686567165,14.925373134328353,72.22788311080576,36.62080311612384,13.199437209786916,9.604454752912996,-3.59498245687392,False
34,S&P 500,2022-07-25,2023-11-07,325,1625,83.44615384615385,16.553846153846152,10.443496333336256,10.061910330001943,13.64926281882621,16.913735319636388,3.264472500810177,True
35,S&P 500,2023-05-12,2024-08-08,311,1555,84.69453376205787,15.305466237942127,40.208180307224794,26.07660136327752,13.649262818826143,10.276617093291367,-3.3726457255347757,False
36,S&P 500,2023-06-15,2025-10-20,588,2940,83.87755102040816,16.122448979591837,91.42935139233892,50.57051318826318,13.649262818826221,18.902206184284008,5.252943365457787,True
37,S&P 500,2020-08-14,2024-03-07,895,4475,84.64804469273743,15.351955307262571,126.62816848037859,51.348551457185465,16.651788088820886,25.4250966192304,8.773308530409512,True
38,S&P 500,2021-10-15,2025-05-01,888,4440,84.21171171171171,15.788288288288285,73.54348682570698,24.54929725425412,16.651788088820812,25.4250966192304,8.773308530409587,True
39,S&P 500,2023-06-12,2025-07-21,527,2635,84.13662239089183,15.86337760910817,79.42022626908842,45.123101408948706,13.649262818826182,18.902206184284008,5.252943365457826,True
40,S&P 500,2018-08-01,2021-02-09,635,3175,83.71653543307087,16.283464566929126,68.13826133189606,39.178417919589336,23.754961245149804,33.92496000265327,10.169998757503468,True
41,S&P 500,2021-06-08,2022-07-07,272,1360,85.1470588235294,14.852941176470594,5.932443395876019,-9.040837532809975,16.65178808882093,23.55417268336531,6.90238459454438,True
42,S&P 500,2019-12-10,2023-04-05,835,4175,84.59880239520959,15.401197604790411,82.67532279746833,30.904194453316315,23.75496124514979,33.92496000265327,10.169998757503482,True
43,S&P 500,2020-03-11,2023-03-23,764,3820,84.68586387434554,15.314136125654457,95.1016568756876,43.61271107979452,16.65178808882083,25.4250966192304,8.773308530409569,True
44,S&P 500,2021-06-18,2023-04-20,462,2310,84.8051948051948,15.194805194805198,15.524828898504772,-0.2863390949607969,16.65178808882089,25.4250966192304,8.773308530409508,True
45,S&P 500,2019-11-15,2022-11-30,765,3825,84.3921568627451,15.607843137254903,82.11019703611325,26.828414155440193,23.754961245149804,33.92496000265327,10.169998757503468,True
46,S&P 500,2023-09-20,2024-10-23,275,1375,83.85454545454546,16.14545454545454,47.73805553988757,32.91535904121097,11.115217975349339,8.485144350207378,-2.6300736251419607,False
47,S&P 500,2024-07-02,2026-03-10,422,2110,83.93364928909952,16.06635071090048,50.02053819630714,23.361375700955776,12.639114588455689,18.902206184284008,6.263091595828319,True
48,S&P 500,2025-02-11,2026-08-27,387,1935,84.44444444444444,15.555555555555557,48.34993025697203,26.484307412251784,12.639114588455701,18.902206184284008,6.263091595828307,True
49,S&P 500,2019-05-17,2020-06-10,268,1340,82.23880597014926,17.761194029850742,15.77663007755068,12.157588791932806,23.754961245149804,33.92496000265327,10.169998757503468,True
50,S&P 500,2022-01-13,2025-01-07,748,3740,84.22459893048129,15.775401069518708,63.09364775518817,28.25373861850302,13.83230641719821,23.286617532593535,9.454311115395326,True
51,S&P 500,2021-07-01,2024-04-09,696,3480,84.59770114942529,15.40229885057471,52.119884475086685,20.427371845017838,16.651788088820837,25.4250966192304,8.773308530409562,True
52,S&P 500,2023-04-12,2023-10-11,126,630,84.28571428571429,15.714285714285708,10.142561764453406,6.507662273016401,9.852328245007223,7.8342319106125755,-2.018096334394648,False
53,S&P 500,2024-08-29,2026-03-05,378,1890,83.5978835978836,16.402116402116405,44.397397180269785,22.846015493435658,12.639114588455733,18.902206184284008,6.263091595828275,True
54,S&P 500,2022-03-18,2024-07-08,577,2885,84.15944540727904,15.840554592720963,64.52584488856839,24.73762290122936,13.649262818826225,22.769022500302302,9.119759681476078,True
55,S&P 500,2022-01-11,2023-03-01,284,1420,84.43661971830986,15.563380281690144,-10.202745252623501,-15.76297295782475,15.30371627079002,24.317285952416253,9.013569681626233,True
56,S&P 500,2022-12-28,2023-07-12,133,665,85.26315789473684,14.736842105263165,19.354749168149077,17.340778490338415,8.59946185907783,7.751635836202832,-0.8478260228749974,False
57,S&P 500,2024-09-10,2025-08-01,223,1115,82.86995515695067,17.130044843049333,26.2453839795866,15.355600820092707,12.63911458845566,18.902206184284008,6.263091595828348,True
58,S&P 500,2018-10-26,2022-07-25,940,4700,84.04255319148936,15.957446808510639,118.32419207504796,49.006840591464055,23.754961245149772,33.92496000265327,10.1699987575035,True
59,S&P 500,2019-08-09,2020-08-13,255,1275,83.6078431372549,16.392156862745097,21.252403435955802,15.8189646158569,23.75496124514982,33.92496000265327,10.169998757503453,True
60,S&P 500,2018-03-20,2019-04-25,276,1380,84.20289855072464,15.79710144927536,10.928317695455213,7.740695897933492,11.451626383377587,19.77821043568199,8.326584052304405,True
61,S&P 500,2024-09-30,2025-09-22,244,1220,83.11475409836065,16.88524590163935,27.090674654167458,15.650898326229612,12.63911458845563,18.902206184284008,6.263091595828378,True
62,S&P 500,2020-05-01,2023-04-27,752,3760,84.7872340425532,15.212765957446805,97.36062488981251,43.28525515525001,16.651788088820844,25.4250966192304,8.773308530409555,True
63,S&P 500,2018-05-31,2021-05-21,749,3745,84.00534045393859,15.994659546061413,93.45999925406403,53.74140426500431,23.75496124514983,33.92496000265327,10.169998757503443,True
64,S&P 500,2019-01-04,2022-11-17,976,4880,83.9139344262295,16.086065573770497,124.22657230354494,56.35402618846368,23.75496124514982,33.92496000265327,10.169998757503453,True
65,S&P 500,2022-07-07,2023-11-28,351,1755,83.24786324786325,16.75213675213675,18.615668347253546,16.599362457563682,13.649262818826202,16.913735319636388,3.264472500810186,True
66,S&P 500,2023-12-12,2026-06-25,634,3170,84.35331230283911,15.646687697160885,120.17072854917092,58.45597057000737,12.639114588455689,18.902206184284008,6.263091595828319,True
67,S&P 500,2018-08-09,2019-07-01,223,1115,83.85650224215246,16.14349775784754,4.654625340063512,3.0901509411491723,11.451626383377587,19.77821043568199,8.326584052304405,True
68,S&P 500,2021-08-18,2025-07-23,985,4925,84.3248730964467,15.675126903553306,102.18514348094061,43.39165753877188,16.651788088820872,25.4250966192304,8.773308530409526,True
69,S&P 500,2021-04-08,2023-02-07,462,2310,84.4155844155844,15.584415584415595,20.37782444190157,0.33950645238638444,16.65178808882085,25.4250966192304,8.773308530409548,True
70,S&P 500,2024-12-05,2026-01-30,287,1435,83.62369337979094,16.376306620209064,27.536969922101264,14.714135587021993,12.639114588455646,18.902206184284008,6.263091595828362,True
71,S&P 500,2018-08-21,2021-11-01,805,4025,83.87577639751554,16.124223602484463,121.20969930881094,60.86078553834997,23.75496124514982,33.92496000265327,10.169998757503453,True
72,S&P 500,2021-03-09,2023-12-22,704,3520,84.48863636363636,15.51136363636364,59.46946859486064,22.48286831346391,16.651788088820823,25.4250966192304,8.773308530409576,True
73,S&P 500,2023-03-03,2025-04-02,522,2610,83.86973180076627,16.130268199233726,72.0924006260023,39.23804327104901,13.649262818826216,10.276617093291367,-3.3726457255348485,False
74,S&P 500,2022-08-09,2026-05-08,940,4700,84.04255319148936,15.957446808510639,158.07637815192638,77.97848088416914,13.649262818826296,18.902206184284008,5.252943365457712,True
75,S&P 500,2019-08-06,2020-11-09,319,1595,84.26332288401254,15.736677115987462,37.89971477845873,21.780708301528406,23.75496124514979,33.92496000265327,10.169998757503482,True
76,S&P 500,2022-03-14,2025-03-31,764,3820,83.87434554973822,16.125654450261777,78.43063454704836,33.73575401195035,13.649262818826188,22.769022500302302,9.119759681476115,True
77,S&P 500,2019-10-29,2023-01-20,812,4060,84.5320197044335,15.467980295566505,81.11685398505415,28.382991664751334,23.75496124514978,33.92496000265327,10.169998757503492,True
78,S&P 500,2023-07-25,2025-12-04,594,2970,83.67003367003367,16.329966329966325,88.78350221521649,49.96782179646742,13.649262818826157,18.902206184284008,5.252943365457851,True
79,S&P 500,2020-12-22,2021-07-23,146,730,84.52054794520548,15.479452054794521,33.55397742896598,18.447843897679505,5.535772537788461,4.2278854262786325,-1.307887111509828,False
80,S&P 500,2018-02-26,2021-04-22,794,3970,83.9294710327456,16.070528967254404,91.99491465290276,50.14461704019995,23.754961245149786,33.92496000265327,10.169998757503485,True
81,S&P 500,2023-07-11,2024-12-04,354,1770,83.89830508474576,16.101694915254242,59.28108393278249,36.28127665921217,13.649262818826225,10.276617093291367,-3.3726457255348574,False
82,S&P 500,2019-09-27,2022-06-21,687,3435,84.80349344978167,15.19650655021833,84.53210967811195,24.07496950910901,23.754961245149815,33.92496000265327,10.169998757503457,True
83,S&P 500,2018-02-08,2021-09-07,900,4500,83.77777777777777,16.22222222222223,122.59316007703643,75.72375729489539,23.754961245149826,33.92496000265327,10.169998757503446,True
84,S&P 500,2023-03-03,2024-07-25,350,1750,84.17142857142858,15.828571428571422,54.65887969562999,34.14762625731393,13.649262818826216,10.276617093291367,-3.3726457255348485,False
85,S&P 500,2019-02-19,2022-10-14,922,4610,84.12147505422993,15.878524945770067,109.91541910232235,32.022545083624074,23.754961245149772,33.92496000265327,10.1699987575035,True
86,S&P 500,2019-10-18,2022-03-15,605,3025,84.79338842975207,15.20661157024793,82.29063924519183,39.74649827596426,23.754961245149794,33.92496000265327,10.169998757503478,True
87,S&P 500,2021-03-30,2025-01-14,953,4765,84.19727177334732,15.802728226652675,115.17752765286708,47.433280945165365,16.651788088820773,25.4250966192304,8.773308530409626,True
88,S&P 500,2020-03-05,2023-04-14,783,3915,84.67432950191571,15.325670498084293,100.44794333919018,37.11317999641211,16.651788088820894,26.010438510783658,9.358650421962764,True
89,S&P 500,2022-04-05,2023-07-11,316,1580,84.62025316455696,15.379746835443044,17.161288211883317,-2.5544146682915714,8.599461859077891,20.951710967617185,12.352249108539294,True
90,S&P 500,2018-01-25,2020-08-05,636,3180,83.23899371069182,16.761006289308185,23.171281278761178,16.457163327133053,23.75496124514977,33.92496000265327,10.169998757503503,True
91,S&P 500,2022-12-08,2024-02-14,296,1480,84.93243243243244,15.067567567567565,34.05752231392154,24.96927999856109,13.64926281882617,10.276617093291367,-3.3726457255348024,False
92,S&P 500,2019-11-21,2021-01-06,282,1410,84.25531914893617,15.744680851063833,31.23623032505336,20.084163906828923,23.754961245149815,33.92496000265327,10.169998757503457,True
93,S&P 500,2023-07-21,2024-03-25,170,850,83.76470588235294,16.235294117647058,18.08595966266946,15.383334495820634,13.649262818826212,10.276617093291367,-3.372645725534845,False
94,S&P 500,2018-05-23,2020-12-09,642,3210,83.76947040498443,16.230529595015568,56.54459527390448,35.45031617902674,23.7549612451498,33.92496000265327,10.169998757503471,True
95,S&P 500,2022-03-18,2025-09-05,869,4345,83.93555811277331,16.064441887226693,116.50684273335585,45.6846310966504,13.649262818826225,22.769022500302302,9.119759681476078,True
96,S&P 500,2023-06-15,2025-01-27,404,2020,83.86138613861385,16.138613861386148,65.594157459284,37.85497102862716,13.649262818826221,10.276617093291367,-3.372645725534854,False
97,S&P 500,2019-03-15,2021-08-31,621,3105,83.99355877616748,16.006441223832525,116.98433350233812,60.45428383553568,23.754961245149776,33.92496000265327,10.169998757503496,True
98,S&P 500,2020-06-01,2021-08-16,305,1525,85.31147540983606,14.688524590163937,89.13247914674601,46.21710781247128,13.199437209786902,9.604454752912996,-3.5949824568739057,False
99,S&P 500,2020-10-12,2021-08-31,223,1115,84.39461883408072,15.605381165919283,57.552472083509066,28.141147879980654,10.122170852196161,7.4771805930645305,-2.6449902591316308,False
100,S&P 500,2018-10-03,2019-09-18,240,1200,81.83333333333334,18.166666666666657,4.699039054850673,2.741058521029438,11.451626383377535,19.634522192436233,8.182895809058698,True
1,BITCOIN,2020-09-07,2021-09-19,377,1885,86.04774535809018,13.952254641909818,996.5195750924556,365.5775856946124,32.79544164825747,53.06185040984174,20.266408761584266,True
2,BITCOIN,2018-05-08,2019-02-17,285,1425,82.10526315789474,17.89473684210526,-5.327132057516648,-60.694550897291755,12.920124868037133,65.29008740615755,52.36996253812042,True
3,BITCOIN,2022-12-22,2023-05-13,142,710,82.11267605633803,17.88732394366197,71.30963017509045,59.26586968870744,24.072722858057567,18.695382600654284,-5.377340257403283,False
4,BITCOIN,2019-07-24,2021-11-29,859,4295,83.0267753201397,16.973224679860294,1149.0278785888536,483.4579093601417,52.53876864265532,58.460480311053054,5.921711668397734,True
5,BITCOIN,2023-03-11,2024-05-31,447,2235,83.04250559284117,16.957494407158833,435.15690755972133,231.34758212816342,24.23960735407632,20.291157759617423,-3.9484495944588964,False
6,BITCOIN,2019-09-18,2021-12-06,810,4050,83.65432098765432,16.345679012345684,979.0411602025065,384.0914579576034,40.42254009926671,53.06185040984174,12.639310310575027,True
7,BITCOIN,2022-08-14,2023-09-30,412,2060,82.66990291262137,17.330097087378633,61.29075482509365,10.659776786714591,24.239607354076295,35.08340240801529,10.843795053938994,True
8,BITCOIN,2018-06-04,2020-07-06,763,3815,80.94364351245085,19.056356487549152,153.62608462922992,20.752922340263424,55.715353640121165,61.81085049983791,6.0954968597167465,True
9,BITCOIN,2021-11-10,2023-07-17,614,3070,83.58306188925081,16.416938110749186,45.55331172356132,-53.459457571976884,30.847098032534877,75.88506758938253,45.037969556847656,True
10,BITCOIN,2018-09-03,2021-02-28,909,4545,82.22222222222221,17.777777777777786,2649.9930091875,536.1993255183423,55.71535364012112,61.81085049983791,6.095496859716789,True
11,BITCOIN,2022-02-09,2022-12-06,300,1500,83.93333333333334,16.066666666666663,13.773922421756568,-61.715636489347126,4.969071307034948,66.73961608979899,61.770544782764034,True
12,BITCOIN,2019-06-22,2021-09-05,806,4030,83.12655086848635,16.873449131513652,1095.0348565596996,366.69842274494425,55.71535364012114,61.81085049983791,6.095496859716775,True
13,BITCOIN,2023-01-16,2025-10-03,991,4955,83.10797174571141,16.89202825428859,1055.851094943141,470.06778946700257,32.653721795045186,28.144478116207868,-4.5092436788373185,False
14,BITCOIN,2019-06-09,2020-11-22,532,2660,81.61654135338345,18.383458646616546,225.52965013023197,142.4823796892281,55.71535364012108,61.81085049983791,6.095496859716832,True
15,BITCOIN,2022-03-10,2024-10-17,952,4760,82.77310924369748,17.226890756302524,408.65303365604024,71.44287979683021,32.65372179504517,66.73961608979899,34.085894294753814,True
16,BITCOIN,2018-02-05,2020-09-11,949,4745,81.18018967334035,18.81981032665965,147.7685480478484,48.99692812463121,55.71535364012114,72.03250781217105,16.31715417204991,True
17,BITCOIN,2018-01-20,2020-04-08,809,4045,81.11248454882572,18.88751545117428,71.11804517595472,-44.36543008775753,55.71535364012109,74.90726812716481,19.191914487043725,True
18,BITCOIN,2025-01-03,2026-03-24,445,2225,83.50561797752809,16.49438202247191,32.7577666790561,-27.717136611484015,24.287654334497955,49.7388172985468,25.451162964048844,True
19,BITCOIN,2020-08-29,2022-02-04,524,2620,85.57251908396947,14.427480916030532,836.5029515944343,222.8907335379779,40.422540099266655,53.06185040984174,12.639310310575084,True
20,BITCOIN,2021-03-12,2022-10-28,595,2975,84.77310924369748,15.226890756302524,-0.8499970776327803,-64.61696060132118,40.422540099266726,72.54954701098009,32.127006911713366,True
21,BITCOIN,2020-04-13,2020-11-15,216,1080,84.07407407407408,15.925925925925924,179.994663293946,134.74142314976842,22.00347887275348,17.32345391181167,-4.680024960941811,False
22,BITCOIN,2023-06-06,2025-12-16,924,4620,82.98701298701299,17.01298701298701,520.6994126659571,217.26740730505685,32.653721795045215,32.14698048461442,-0.5067413104307974,False
23,BITCOIN,2018-02-20,2020-10-25,978,4890,81.49284253578732,18.507157464212682,229.70471244023892,14.945695480385224,55.7153536401211,72.03250781217105,16.317154172049946,True
24,BITCOIN,2019-07-29,2021-09-25,789,3945,83.09252217997465,16.90747782002535,843.7708913349041,350.0377682517911,52.53876864265532,58.460480311053054,5.921711668397734,True
25,BITCOIN,2021-02-22,2022-01-02,314,1570,84.20382165605096,15.796178343949038,-12.521918539982247,-12.02883259107792,40.422540099266556,53.06185040984174,12.639310310575183,True
26,BITCOIN,2024-06-19,2025-03-20,274,1370,82.7007299270073,17.299270072992698,39.20208253019246,33.703555465008805,22.49630049945981,26.015296404828188,3.518995905368378,True
27,BITCOIN,2024-06-10,2026-05-05,694,3470,83.02593659942363,16.97406340057637,83.49421425991801,14.84000354253947,29.07629458660952,49.7388172985468,20.662522711937278,True
28,BITCOIN,2019-11-13,2022-02-06,816,4080,84.24019607843137,15.759803921568633,1348.920422070237,370.4805646243246,40.422540099266655,53.06185040984174,12.639310310575084,True
29,BITCOIN,2020-12-13,2023-08-02,962,4810,84.24116424116424,15.758835758835758,799.2631504389032,55.026324113091654,40.42254009926659,76.63456370856908,36.212023609302484,True
30,BITCOIN,2024-04-30,2025-11-19,568,2840,82.8169014084507,17.183098591549296,76.64095621446695,53.287755905981,30.80872075964641,28.144478116207868,-2.6642426434385413,False
31,BITCOIN,2022-05-15,2022-11-08,177,885,84.63276836158192,15.367231638418076,10.92208216428958,-34.187056851859644,4.670459993227053,41.66073471357652,36.99027472034946,True
32,BITCOIN,2018-01-05,2020-01-19,744,3720,81.18279569892472,18.81720430107528,63.81415742319767,-48.69153679824435,48.67738493423867,81.53271113852912,32.855326204290456,True
33,BITCOIN,2021-05-04,2021-12-17,227,1135,83.9647577092511,16.035242290748897,-21.60372369845298,-10.627671406931583,34.6939761928335,49.310488198734575,14.616512005901072,True
34,BITCOIN,2020-05-26,2022-11-10,898,4490,84.94432071269487,15.055679287305125,1520.9007783114334,79.7474305008879,40.42254009926661,76.49618797546965,36.07364787620304,True
35,BITCOIN,2018-02-16,2019-06-05,474,2370,81.77215189873418,18.22784810126582,64.31884921556241,-24.683935724500206,29.99271857126423,72.03250781217105,42.03978924090681,True
36,BITCOIN,2018-09-26,2021-06-13,991,4955,82.80524722502523,17.194752774974774,3237.132041341791,447.38284257120864,55.71535364012112,61.81085049983791,6.095496859716789,True
37,BITCOIN,2019-09-28,2021-02-03,494,2470,83.11740890688259,16.882591093117412,700.018340559724,330.6409767052034,32.79544164825749,51.86169126186414,19.06624961360665,True
38,BITCOIN,2022-08-21,2023-04-08,230,1150,83.04347826086956,16.956521739130437,85.83323375716579,29.681909251941185,24.07272285805759,29.42795191410264,5.355229056045051,True
39,BITCOIN,2019-10-19,2021-12-10,783,3915,83.6015325670498,16.3984674329502,1248.101760204537,496.7548322882599,40.42254009926662,53.06185040984174,12.63931031057512,True
40,BITCOIN,2020-04-10,2020-12-10,244,1220,84.18032786885246,15.819672131147541,250.37202614408722,170.24884552716006,22.003478872753487,17.32345391181167,-4.680024960941818,False
41,BITCOIN,2020-12-17,2023-06-16,911,4555,84.2371020856202,15.762897914379806,624.546912845415,12.151776902895906,40.42254009926658,76.63456370856908,36.2120236093025,True
42,BITCOIN,2020-01-11,2021-04-25,470,2350,84.0,16.0,1329.9161908746667,522.7139416690861,32.795441648257494,51.86169126186414,19.066249613606644,True
43,BITCOIN,2018-04-27,2019-12-16,598,2990,81.27090301003345,18.72909698996655,114.98515324584591,-20.41546543914806,48.67738493423863,67.16664292494333,18.4892579907047,True
44,BITCOIN,2021-02-24,2023-10-06,954,4770,83.75262054507337,16.24737945492663,104.27191609361427,-44.84311644445212,40.42254009926672,76.63456370856908,36.212023609302356,True
45,BITCOIN,2023-04-16,2024-09-14,517,2585,82.20502901353966,17.794970986460342,127.55096180788397,99.80402619289343,30.732114077054057,26.18203300847661,-4.550081068577448,False
46,BITCOIN,2020-12-17,2023-01-21,765,3825,84.52287581699346,15.477124183006538,434.5171519117443,-0.5639485235105157,40.42254009926658,76.63456370856908,36.2120236093025,True
47,BITCOIN,2019-05-28,2021-06-24,758,3790,82.82321899736148,17.17678100263852,1239.954118446989,286.733654069814,55.7153536401211,61.81085049983791,6.09549685971681,True
48,BITCOIN,2021-01-24,2023-06-18,875,4375,84.11428571428571,15.885714285714286,304.73221594422944,-17.896606626525923,40.422540099266584,76.63456370856908,36.21202360930249,True
49,BITCOIN,2021-02-15,2023-03-19,762,3810,84.19947506561681,15.80052493438319,114.49644700465976,-43.756708830542124,40.4225400992666,76.63456370856908,36.21202360930248,True
50,BITCOIN,2019-05-03,2021-03-17,684,3420,82.2514619883041,17.7485380116959,2723.2468057193164,884.7789685948829,55.715353640121116,61.81085049983791,6.095496859716796,True
51,BITCOIN,2020-06-15,2021-06-11,361,1805,86.0387811634349,13.961218836565095,1234.225116482582,288.3584212027897,32.795441648257466,47.29006202602774,14.494620377770275,True
52,BITCOIN,2021-04-27,2022-05-28,396,1980,84.24242424242424,15.757575757575765,-7.519030031341112,-47.981187180048835,34.693976192833546,57.63072647751288,22.936750284679334,True
53,BITCOIN,2022-01-10,2024-04-17,828,4140,83.42995169082126,16.570048309178745,567.4619462480747,52.582348448470675,24.23960735407638,66.73961608979899,42.5000087357226,True
54,BITCOIN,2024-04-13,2026-03-19,705,3525,83.29078014184397,16.709219858156033,82.27402358024763,11.632613851982242,30.808720759646434,49.7388172985468,18.930096538900365,True
55,BITCOIN,2018-06-03,2018-12-20,200,1000,81.5,18.5,4.7133934783800235,-51.478894030714685,4.712502800755883,61.57813200606692,56.86562920531104,True
56,BITCOIN,2020-09-23,2022-11-12,780,3900,85.1025641025641,14.897435897435898,1087.1690160469536,66.25007684356652,40.422540099266655,76.49618797546965,36.073647876203,True
57,BITCOIN,2025-07-07,2026-02-02,210,1050,83.9047619047619,16.095238095238102,-0.46982107795821015,-28.92469915521727,24.287654334497905,38.29828978921019,14.010635454712283,True
58,BITCOIN,2021-05-28,2022-07-11,409,2045,84.20537897310514,15.794621026894859,8.57342261683447,-41.563449579240206,32.82602511397911,71.8535809570016,39.02755584302249,True
59,BITCOIN,2020-10-05,2021-04-16,193,965,87.97927461139896,12.020725388601036,1340.7556531786151,486.60259600194706,32.79544164825749,25.406053586932753,-7.389388061324734,False
60,BITCOIN,2022-11-09,2023-06-15,218,1090,82.01834862385321,17.981651376146786,69.01593427781509,58.20806880172014,24.072722858057592,18.695382600654284,-5.377340257403308,False
61,BITCOIN,2021-05-12,2022-12-10,577,2885,84.36741767764299,15.63258232235701,-5.768394503645347,-65.14147345642616,32.8260251139791,76.63456370856908,43.808538594589976,True
62,BITCOIN,2024-11-26,2025-11-03,342,1710,82.69005847953217,17.30994152046783,38.82448274985373,20.279653997100922,23.351930183806154,28.144478116207868,4.792547932401714,True
63,BITCOIN,2024-07-16,2026-01-23,556,2780,83.34532374100719,16.654676258992808,102.8183808263126,37.42914286160048,24.287654334497972,32.14698048461442,7.859326150116445,True
64,BITCOIN,2022-06-24,2024-04-29,675,3375,83.28888888888889,16.71111111111111,532.522593366157,197.26004286052813,24.239607354076274,35.36177532999875,11.122167975922476,True
65,BITCOIN,2022-10-24,2023-12-11,413,2065,82.13075060532688,17.86924939467312,198.50679010854327,126.30345909457441,24.239607354076263,25.821016344524388,1.581408990448125,True
66,BITCOIN,2023-09-02,2024-12-26,481,2405,82.95218295218295,17.04781704781705,443.66528668843364,283.85700075312434,32.653721795045215,26.18203300847661,-6.471688786568606,False
67,BITCOIN,2022-11-17,2025-04-21,886,4430,82.64108352144468,17.358916478555315,710.250722293009,410.4072807039412,32.65372179504518,28.144478116207868,-4.509243678837311,False
68,BITCOIN,2022-06-20,2025-02-05,961,4805,83.05931321540062,16.94068678459938,852.1105127256782,375.11659991601374,32.6537217950452,35.36177532999875,2.7080535349535495,True
69,BITCOIN,2020-10-12,2023-03-24,893,4465,84.81522956326988,15.184770436730119,1831.5676424852813,145.20192023928283,40.42254009926659,76.63456370856908,36.212023609302484,True
70,BITCOIN,2019-05-31,2020-08-22,449,2245,80.48997772828508,19.510022271714917,48.592103749828006,35.19723152652134,55.71535364012112,61.81085049983791,6.095496859716789,True
71,BITCOIN,2025-10-10,2026-02-27,140,700,84.0,16.0,-17.662778720119764,-40.41942280542325,15.98820641155862,45.604657580927785,29.616451169369164,True
72,BITCOIN,2022-11-18,2024-02-21,460,2300,82.47826086956522,17.52173913043478,304.72910815531816,213.12475860489477,24.23960735407626,20.057773342913205,-4.181834011163055,False
73,BITCOIN,2019-05-12,2020-05-28,382,1910,79.84293193717278,20.15706806282722,25.828881851639117,31.677112587999922,55.71535364012112,61.81085049983791,6.095496859716789,True
74,BITCOIN,2020-05-01,2021-02-09,284,1420,85.56338028169014,14.436619718309856,1158.4116914295732,421.12443474380285,32.795441648257466,25.406053586932753,-7.389388061324713,False
75,BITCOIN,2023-04-16,2025-06-12,788,3940,82.79187817258882,17.208121827411176,414.22173619125874,258.52004147547444,32.65372179504518,28.144478116207868,-4.509243678837311,False
76,BITCOIN,2022-04-18,2024-07-10,814,4070,83.14496314496314,16.855036855036857,463.5932917900891,42.08818227335742,24.23960735407632,61.96087203935281,37.72126468527649,True
77,BITCOIN,2022-06-25,2024-09-17,815,4075,82.94478527607362,17.055214723926383,404.8313648729686,170.63339860300437,30.732114077054064,35.36177532999875,4.629661252944686,True
78,BITCOIN,2021-12-11,2023-01-07,392,1960,83.97959183673468,16.020408163265316,20.960550480119466,-65.65821004396524,4.969071307035019,68.93624117845903,63.967169871424005,True
79,BITCOIN,2020-12-02,2021-09-20,292,1460,85.34246575342466,14.657534246575338,328.24443316402096,146.13297644716044,32.79544164825747,53.06185040984174,20.266408761584266,True
80,BITCOIN,2018-10-12,2020-08-22,680,3400,81.11764705882352,18.882352941176478,247.61872974228746,84.7532283192507,55.71535364012116,61.81085049983791,6.095496859716754,True
81,BITCOIN,2018-01-12,2019-06-17,521,2605,82.07293666026871,17.92706333973129,123.9408162857726,-35.66450272119555,29.99271857126424,77.46019084186199,47.467472270597746,True
82,BITCOIN,2020-01-24,2022-01-24,731,3655,84.10396716826266,15.896032831737344,1231.6303896738552,329.54337500903375,40.42254009926661,53.06185040984174,12.639310310575127,True
83,BITCOIN,2025-08-06,2026-01-12,159,795,82.26415094339623,17.73584905660377,-7.416999334845487,-21.038824514466047,24.28765433449792,32.14698048461442,7.859326150116498,True
84,BITCOIN,2018-03-31,2020-11-28,973,4865,81.62384378211716,18.376156217882837,545.6659659625377,145.33346627652878,55.71535364012106,67.16664292494333,11.451289284822273,True
85,BITCOIN,2022-06-14,2024-11-30,900,4500,83.11111111111111,16.888888888888886,786.5609263815556,338.88157814885966,32.6537217950452,35.36177532999875,2.7080535349535495,True
86,BITCOIN,2018-04-25,2019-10-19,542,2710,81.58671586715867,18.413284132841326,122.16795402657313,-9.86387449467534,47.00681578199938,67.16664292494333,20.159827142943954,True
87,BITCOIN,2020-04-05,2022-04-16,741,3705,84.53441295546558,15.465587044534416,1578.2275914183983,497.15347017841884,40.42254009926668,53.06185040984174,12.639310310575055,True
88,BITCOIN,2022-07-08,2024-03-24,625,3125,83.16799999999999,16.832000000000008,491.6621231533596,194.79479850142886,24.239607354076277,35.36177532999875,11.122167975922473,True
89,BITCOIN,2019-02-17,2020-10-26,617,3085,81.39384116693678,18.60615883306322,317.7964947627749,254.70209295793015,55.715353640121144,61.81085049983791,6.095496859716768,True
90,BITCOIN,2019-12-30,2021-05-13,500,2500,83.84,16.159999999999997,1353.533007522081,573.9416983896817,32.79544164825749,51.86169126186414,19.06624961360665,True
91,BITCOIN,2019-11-07,2020-12-12,401,2005,82.59351620947632,17.40648379052368,181.80084156725007,94.86144495727757,31.581714301854348,51.86169126186414,20.27997696000979,True
92,BITCOIN,2023-03-08,2024-08-07,518,2590,82.54826254826256,17.451737451737444,258.1834521471707,158.0076885465082,30.110026275892626,26.123602411967134,-3.9864238639254914,False
93,BITCOIN,2024-02-18,2025-09-21,581,2905,83.27022375215147,16.729776247848534,204.74434165457356,122.01900688971273,32.65372179504512,28.144478116207868,-4.5092436788372545,False
94,BITCOIN,2021-01-27,2023-06-09,863,4315,84.07879490150637,15.92120509849363,299.9905487994079,-12.895174676782617,40.4225400992666,76.63456370856908,36.21202360930248,True
95,BITCOIN,2020-09-04,2022-07-08,672,3360,85.11904761904762,14.88095238095238,1080.53475743583,105.84067572040645,40.42254009926664,71.8535809570016,31.431040857734956,True
96,BITCOIN,2022-08-15,2023-03-23,220,1100,83.72727272727273,16.272727272727266,75.65574381163734,13.13530445140163,24.072722858057606,34.59294003218933,10.520217174131727,True
97,BITCOIN,2018-02-06,2020-04-03,787,3935,80.94027954256671,19.059720457433286,71.3135834471305,-12.385549242729555,55.71535364012109,72.03250781217105,16.31715417204996,True
98,BITCOIN,2022-03-29,2024-09-18,904,4520,82.96460176991151,17.03539823008849,393.8444506694119,27.057012431748674,30.732114077054064,66.73961608979899,36.00750201274492,True
99,BITCOIN,2024-03-14,2025-04-21,403,2015,82.6302729528536,17.369727047146398,24.209527193595992,19.29743453272237,32.65372179504518,28.144478116207868,-4.509243678837311,False
100,BITCOIN,2020-05-22,2023-02-07,991,4955,84.68213925327952,15.317860746720484,1984.8674906785466,147.86189113448222,40.422540099266584,76.63456370856908,36.21202360930249,True
