Date,Close,High,Low,Open,Volume
2010-06-16,5233.35009765625,5255.64990234375,5214.89990234375,5225.0498046875,0
2010-06-17,5274.85009765625,5285.5498046875,5206.5498046875,5233.64990234375,0
2010-06-18,5262.60009765625,5302.2998046875,5245.5,5274.9501953125,0
2010-06-21,5353.2998046875,5366.75,5266.5,5266.5,0
2010-06-22,5316.5498046875,5354.35009765625,5311.0498046875,5353.9501953125,0
2010-06-23,5323.14990234375,5333.2998046875,5288.14990234375,5316.14990234375,0
2010-06-24,5320.60009765625,5348.2998046875,5284.5498046875,5323.25,0
2010-06-25,5269.0498046875,5320.5,5259.89990234375,5320.5,0
2010-06-28,5333.5,5339.4501953125,5270.75,5271.10009765625,0
2010-06-29,5256.14990234375,5334.14990234375,5235.7998046875,5333.5498046875,0
2010-06-30,5312.5,5320.35009765625,5210.0,5254.25,0
2010-07-01,5251.39990234375,5312.5498046875,5232.10009765625,5312.0498046875,0
2010-07-02,5237.10009765625,5277.25,5225.60009765625,5251.25,0
2010-07-05,5235.89990234375,5252.75,5225.85009765625,5237.0,0
2010-07-06,5289.0498046875,5297.4501953125,5231.5,5236.10009765625,0
2010-07-07,5241.10009765625,5296.75,5233.4501953125,5293.10009765625,0
2010-07-08,5296.85009765625,5320.5,5242.0,5242.0,0
2010-07-09,5352.4501953125,5359.0498046875,5297.2001953125,5297.2001953125,0
2010-07-12,5383.0,5402.7001953125,5351.60009765625,5352.25,0
2010-07-13,5400.64990234375,5406.2001953125,5357.85009765625,5370.2001953125,0
2010-07-14,5386.14990234375,5453.4501953125,5371.7001953125,5402.0,0
2010-07-15,5378.75,5399.2001953125,5360.60009765625,5387.10009765625,0
2010-07-16,5393.89990234375,5401.35009765625,5374.39990234375,5376.64990234375,0
2010-07-19,5386.4501953125,5409.10009765625,5361.5,5392.7001953125,0
2010-07-20,5368.0,5416.4501953125,5353.60009765625,5387.0,0
2010-07-21,5399.35009765625,5409.10009765625,5368.85009765625,5368.85009765625,0
2010-07-22,5441.9501953125,5447.14990234375,5372.2001953125,5399.14990234375,0
2010-07-23,5449.10009765625,5477.5,5435.14990234375,5441.89990234375,0
2010-07-26,5418.60009765625,5466.25,5409.2001953125,5446.5498046875,0
2010-07-27,5430.60009765625,5450.9501953125,5407.2001953125,5420.2001953125,0
2010-07-28,5397.5498046875,5447.85009765625,5386.25,5436.10009765625,0
2010-07-29,5408.89990234375,5415.85009765625,5381.5498046875,5397.85009765625,0
2010-07-30,5367.60009765625,5413.25,5349.2001953125,5408.39990234375,0
2010-08-02,5431.64990234375,5438.85009765625,5351.2998046875,5369.5498046875,0
2010-08-03,5439.5498046875,5459.2001953125,5426.39990234375,5432.5,0
2010-08-04,5467.85009765625,5481.89990234375,5428.39990234375,5441.35009765625,0
2010-08-05,5447.10009765625,5487.14990234375,5443.10009765625,5470.14990234375,0
2010-08-06,5439.25,5471.89990234375,5431.35009765625,5448.25,0
2010-08-09,5486.14990234375,5492.2998046875,5433.25,5439.7998046875,0
2010-08-10,5460.7001953125,5491.4501953125,5445.35009765625,5486.7998046875,0
2010-08-11,5420.60009765625,5474.60009765625,5412.0,5460.7001953125,0
2010-08-12,5416.4501953125,5431.10009765625,5372.4501953125,5418.7001953125,0
2010-08-13,5452.10009765625,5476.5,5415.5,5420.64990234375,0
2010-08-16,5418.2998046875,5465.25,5397.39990234375,5452.10009765625,0
2010-08-17,5414.14990234375,5443.5498046875,5408.7998046875,5422.14990234375,0
2010-08-18,5479.14990234375,5487.9501953125,5416.25,5416.25,0
2010-08-19,5540.2001953125,5544.7001953125,5478.10009765625,5478.25,0
2010-08-20,5530.64990234375,5546.60009765625,5513.35009765625,5540.7998046875,0
2010-08-23,5543.5,5549.7998046875,5519.39990234375,5531.14990234375,0
2010-08-24,5505.10009765625,5547.25,5488.4501953125,5541.10009765625,0
2010-08-25,5462.35009765625,5506.14990234375,5452.5498046875,5505.2998046875,0
2010-08-26,5477.89990234375,5486.5498046875,5454.7001953125,5462.10009765625,0
2010-08-27,5408.7001953125,5495.2001953125,5391.9501953125,5489.60009765625,0
2010-08-30,5415.4501953125,5469.0,5390.35009765625,5408.89990234375,0
2010-08-31,5402.39990234375,5413.89990234375,5348.89990234375,5413.5498046875,0
2010-09-01,5471.85009765625,5478.60009765625,5403.0498046875,5403.0498046875,0
2010-09-02,5486.14990234375,5513.9501953125,5471.85009765625,5471.89990234375,0
2010-09-03,5479.39990234375,5510.39990234375,5473.64990234375,5486.2998046875,0
2010-09-06,5576.9501953125,5589.39990234375,5479.5498046875,5479.5498046875,0
2010-09-07,5604.0,5625.5,5571.64990234375,5575.89990234375,0
2010-09-08,5607.85009765625,5625.2998046875,5567.75,5604.25,0
2010-09-09,5640.0498046875,5647.4501953125,5608.10009765625,5608.2998046875,0
2010-09-13,5760.0,5770.60009765625,5639.2001953125,5639.2001953125,0
2010-09-14,5795.5498046875,5838.4501953125,5760.2998046875,5760.2998046875,0
2010-09-15,5860.9501953125,5869.4501953125,5792.2001953125,5795.25,0
2010-09-16,5828.7001953125,5901.64990234375,5815.7998046875,5861.10009765625,0
2010-09-17,5884.9501953125,5898.39990234375,5828.7001953125,5828.7001953125,0
2010-09-20,5980.4501953125,5989.5,5885.0498046875,5885.0498046875,0
2010-09-21,6009.0498046875,6032.7998046875,5961.85009765625,5980.5,0
2010-09-22,5991.0,6037.39990234375,5946.4501953125,6008.39990234375,0
2010-09-23,5959.5498046875,6006.7998046875,5932.39990234375,5991.0498046875,0
2010-09-24,6018.2998046875,6029.10009765625,5951.2001953125,5959.4501953125,0
2010-09-27,6035.64990234375,6073.5,6018.2998046875,6018.2998046875,0
2010-09-28,6029.5,6049.7998046875,5991.2998046875,6036.0498046875,0
2010-09-29,5991.2998046875,6071.5498046875,5979.64990234375,6029.14990234375,0
2010-09-30,6029.9501953125,6048.4501953125,5963.60009765625,5991.35009765625,0
2010-10-01,6143.39990234375,6153.10009765625,6030.2998046875,6030.2998046875,0
2010-10-04,6159.4501953125,6222.10009765625,6144.7001953125,6144.7001953125,0
2010-10-05,6145.7998046875,6188.35009765625,6118.0498046875,6159.4501953125,0
2010-10-06,6186.4501953125,6223.39990234375,6148.60009765625,6150.9501953125,0
2010-10-07,6120.2998046875,6199.4501953125,6107.5,6186.85009765625,0
2010-10-08,6103.4501953125,6148.60009765625,6067.0,6121.39990234375,0
2010-10-11,6135.85009765625,6187.75,6105.9501953125,6105.9501953125,0
2010-10-12,6090.89990234375,6144.9501953125,6057.9501953125,6135.9501953125,0
2010-10-13,6233.89990234375,6240.25,6089.75,6091.4501953125,0
2010-10-14,6177.35009765625,6284.10009765625,6157.89990234375,6234.2998046875,0
2010-10-15,6062.64990234375,6200.60009765625,6050.35009765625,6175.89990234375,0
2010-10-18,6075.9501953125,6115.10009765625,5985.10009765625,6112.75,0
2010-10-19,6027.2998046875,6127.0498046875,6008.14990234375,6114.4501953125,0
2010-10-20,5982.10009765625,6038.10009765625,5966.75,6002.9501953125,0
2010-10-21,6101.5,6113.5,5984.89990234375,6008.89990234375,0
2010-10-22,6066.0498046875,6121.10009765625,6041.35009765625,6113.39990234375,0
2010-10-25,6105.7998046875,6151.2998046875,6094.60009765625,6101.25,0
2010-10-26,6082.0,6120.25,6074.64990234375,6116.2998046875,0
2010-10-27,6012.64990234375,6075.9501953125,5987.5498046875,6075.4501953125,0
2010-10-28,5987.7001953125,6071.10009765625,5968.10009765625,6039.9501953125,0
2010-10-29,6017.7001953125,6032.64990234375,5937.10009765625,6021.14990234375,0
2010-11-01,6117.5498046875,6132.39990234375,6084.75,6092.2998046875,0
2010-11-02,6119.0,6138.10009765625,6094.39990234375,6127.5498046875,0
2010-11-03,6160.5,6182.5,6146.7998046875,6150.60009765625,0
2010-11-04,6281.7998046875,6290.14990234375,6199.35009765625,6209.60009765625,0
2010-11-08,6273.2001953125,6335.89990234375,6265.35009765625,6335.25,0
2010-11-09,6301.5498046875,6310.89990234375,6243.5498046875,6281.0,0
2010-11-10,6275.7001953125,6307.64990234375,6269.25,6303.2001953125,0
2010-11-11,6194.25,6296.5498046875,6179.5,6286.35009765625,0
2010-11-12,6071.64990234375,6202.5,6056.75,6182.2998046875,0
2010-11-15,6121.60009765625,6128.75,6039.39990234375,6079.89990234375,0
2010-11-16,5988.7001953125,6144.0498046875,5970.60009765625,6143.4501953125,0
2010-11-18,5998.7998046875,6076.2001953125,5906.75,6075.9501953125,0
2010-11-19,5890.2998046875,6013.25,5863.9501953125,6011.2998046875,0
2010-11-22,6010.0,6020.25,5905.14990234375,5920.89990234375,0
2010-11-23,5934.75,5973.35009765625,5824.9501953125,5971.5498046875,0
2010-11-24,5865.75,5976.64990234375,5833.60009765625,5946.7998046875,0
2010-11-25,5799.75,5907.10009765625,5780.35009765625,5883.9501953125,0
2010-11-26,5751.9501953125,5838.5,5690.35009765625,5828.5498046875,0
2010-11-29,5830.0,5843.14990234375,5754.7001953125,5789.9501953125,0
2010-11-30,5862.7001953125,5892.25,5768.35009765625,5811.60009765625,0
2010-12-01,5960.89990234375,5971.0,5865.5498046875,5871.0,0
2010-12-02,6011.7001953125,6029.5,5980.60009765625,6023.0498046875,0
2010-12-03,5992.7998046875,6025.39990234375,5964.25,6013.35009765625,0
2010-12-06,5992.25,6069.4501953125,5981.7001953125,6033.64990234375,0
2010-12-07,5976.5498046875,6001.0,5939.7001953125,5995.0498046875,0
2010-12-08,5903.7001953125,5960.0,5878.60009765625,5954.39990234375,0
2010-12-09,5766.5,5927.2998046875,5742.2998046875,5924.25,0
2010-12-10,5857.35009765625,5865.5,5721.14990234375,5761.0,0
2010-12-13,5907.64990234375,5913.7998046875,5795.89990234375,5882.64990234375,0
2010-12-14,5944.10009765625,5953.9501953125,5888.75,5928.7001953125,0
2010-12-15,5892.2998046875,5942.75,5865.7998046875,5931.14990234375,0
2010-12-16,5948.75,5956.14990234375,5855.0498046875,5910.5498046875,0
2010-12-20,5947.0498046875,5985.0,5900.25,5926.85009765625,0
2010-12-21,6000.64990234375,6007.4501953125,5960.0498046875,5960.39990234375,0
2010-12-22,5984.39990234375,6023.7998046875,5958.0,6019.0,0
2010-12-23,5980.0,6006.4501953125,5964.60009765625,6005.89990234375,0
2010-12-24,6011.60009765625,6017.35009765625,5940.25,5940.25,0
2010-12-27,5998.10009765625,6045.75,5991.10009765625,6013.2998046875,0
2010-12-28,5996.0,6010.89990234375,5982.25,6005.35009765625,0
2010-12-29,6060.35009765625,6067.5498046875,6002.85009765625,6005.14990234375,0
2010-12-30,6101.85009765625,6106.39990234375,6062.35009765625,6062.35009765625,0
2010-12-31,6134.5,6147.2998046875,6103.5498046875,6105.10009765625,0
2011-01-03,6157.60009765625,6178.5498046875,6147.2001953125,6177.4501953125,0
2011-01-04,6146.35009765625,6181.0498046875,6124.39990234375,6172.75,0
2011-01-05,6079.7998046875,6141.35009765625,6062.35009765625,6141.35009765625,0
2011-01-06,6048.25,6116.14990234375,6022.2998046875,6107.0,0
2011-01-07,5904.60009765625,6051.2001953125,5883.60009765625,6030.89990234375,0
2011-01-10,5762.85009765625,5907.25,5740.9501953125,5901.2998046875,0
2011-01-11,5754.10009765625,5842.60009765625,5698.2001953125,5767.9501953125,0
2011-01-12,5863.25,5874.2001953125,5711.2998046875,5800.0498046875,0
2011-01-13,5751.89990234375,5857.75,5736.7001953125,5850.75,0
2011-01-14,5654.5498046875,5833.64990234375,5639.64990234375,5752.10009765625,0
2011-01-17,5654.75,5696.14990234375,5624.14990234375,5648.7998046875,0
2011-01-18,5724.0498046875,5730.5,5671.25,5682.5498046875,0
2011-01-19,5691.0498046875,5747.64990234375,5662.5498046875,5737.35009765625,0
2011-01-20,5711.60009765625,5729.4501953125,5634.5,5656.0,0
2011-01-21,5696.5,5717.5498046875,5674.5,5692.0498046875,0
2011-01-24,5743.25,5756.0,5697.75,5717.10009765625,0
2011-01-25,5687.39990234375,5801.5498046875,5680.64990234375,5763.2998046875,0
2011-01-27,5604.2998046875,5726.10009765625,5594.9501953125,5725.2998046875,0
2011-01-28,5512.14990234375,5614.39990234375,5459.5498046875,5614.0,0
2011-01-31,5505.89990234375,5526.85009765625,5416.64990234375,5452.5498046875,0
2011-02-01,5417.2001953125,5539.14990234375,5402.0,5537.2998046875,0
2011-02-02,5432.0,5490.60009765625,5415.64990234375,5469.5498046875,0
2011-02-03,5526.75,5532.64990234375,5418.0,5430.4501953125,0
2011-02-04,5395.75,5556.2998046875,5369.0498046875,5519.89990234375,0
2011-02-07,5396.0,5440.35009765625,5376.9501953125,5430.14990234375,0
2011-02-08,5312.5498046875,5432.35009765625,5303.39990234375,5432.35009765625,0
2011-02-09,5253.5498046875,5339.4501953125,5225.64990234375,5293.0498046875,0
2011-02-10,5225.7998046875,5272.60009765625,5196.7998046875,5246.0498046875,0
2011-02-11,5310.0,5319.4501953125,5177.7001953125,5219.64990234375,0
2011-02-14,5456.0,5463.7998046875,5340.25,5340.25,0
2011-02-15,5481.0,5506.5,5408.35009765625,5467.75,0
2011-02-16,5481.7001953125,5504.7998046875,5460.35009765625,5467.60009765625,0
2011-02-17,5546.4501953125,5553.0,5463.39990234375,5501.7001953125,0
2011-02-18,5458.9501953125,5599.25,5441.9501953125,5557.5498046875,0
2011-02-21,5518.60009765625,5526.25,5413.10009765625,5456.60009765625,0
2011-02-22,5469.2001953125,5519.4501953125,5437.2998046875,5504.39990234375,0
2011-02-23,5437.35009765625,5495.2001953125,5427.5498046875,5452.4501953125,0
2011-02-24,5262.7001953125,5423.39990234375,5242.5,5408.75,0
2011-02-25,5303.5498046875,5338.2001953125,5232.75,5321.0498046875,0
2011-02-28,5333.25,5477.0,5308.60009765625,5330.14990234375,0
2011-03-01,5522.2998046875,5533.0498046875,5373.5498046875,5382.0,0
2011-03-03,5536.2001953125,5570.75,5468.25,5478.4501953125,0
2011-03-04,5538.75,5608.2001953125,5524.10009765625,5586.2001953125,0
2011-03-07,5463.14990234375,5491.25,5408.4501953125,5490.0498046875,0
2011-03-08,5520.7998046875,5530.5498046875,5464.75,5466.10009765625,0
2011-03-09,5531.0,5563.2998046875,5477.4501953125,5542.39990234375,0
2011-03-10,5494.39990234375,5516.2998046875,5468.4501953125,5516.10009765625,0
2011-03-11,5445.4501953125,5502.7001953125,5411.5498046875,5456.14990234375,0
2011-03-14,5531.5,5537.2998046875,5434.25,5436.5,0
2011-03-15,5449.64990234375,5497.85009765625,5373.64990234375,5420.0,0
2011-03-16,5511.14990234375,5535.10009765625,5475.9501953125,5475.9501953125,0
2011-03-17,5446.64990234375,5510.0498046875,5435.2998046875,5455.39990234375,0
2011-03-18,5373.7001953125,5483.0498046875,5366.39990234375,5475.35009765625,0
2011-03-21,5364.75,5413.2998046875,5348.2001953125,5408.75,0
2011-03-22,5413.85009765625,5428.14990234375,5376.14990234375,5390.85009765625,0
2011-03-23,5480.25,5484.9501953125,5401.9501953125,5411.39990234375,0
2011-03-24,5522.39990234375,5529.0,5496.10009765625,5501.7998046875,0
2011-03-25,5654.25,5667.10009765625,5560.9501953125,5588.64990234375,0
2011-03-28,5687.25,5709.10009765625,5643.2001953125,5645.25,0
2011-03-29,5736.35009765625,5770.35009765625,5680.7001953125,5686.5,0
2011-03-30,5787.64990234375,5803.14990234375,5753.89990234375,5755.7998046875,0
2011-03-31,5833.75,5872.0,5778.64990234375,5803.0498046875,0
2011-04-01,5826.0498046875,5860.2001953125,5810.39990234375,5835.0,0
2011-04-04,5908.4501953125,5918.7001953125,5833.2001953125,5842.0,0
2011-04-05,5910.0498046875,5928.64990234375,5855.85009765625,5923.85009765625,0
2011-04-06,5891.75,5944.4501953125,5868.7998046875,5908.0,0
2011-04-07,5885.7001953125,5906.10009765625,5866.25,5888.5498046875,0
2011-04-08,5842.0,5926.9501953125,5822.0,5886.75,0
2011-04-11,5785.7001953125,5830.2998046875,5777.89990234375,5805.35009765625,0
2011-04-13,5911.5,5923.60009765625,5735.5498046875,5747.9501953125,0
2011-04-15,5824.5498046875,5907.35009765625,5806.4501953125,5898.75,0
2011-04-18,5729.10009765625,5897.89990234375,5722.25,5824.35009765625,0
2011-04-19,5740.75,5762.9501953125,5693.25,5716.0,0
2011-04-20,5851.64990234375,5857.35009765625,5759.64990234375,5786.0498046875,0
2011-04-21,5884.7001953125,5912.89990234375,5864.35009765625,5882.85009765625,0
2011-04-25,5874.5,5906.60009765625,5857.0,5859.60009765625,0
2011-04-26,5868.39990234375,5893.2001953125,5791.5498046875,5876.85009765625,0
2011-04-27,5833.89990234375,5892.35009765625,5819.9501953125,5884.2001953125,0
2011-04-28,5785.4501953125,5856.39990234375,5776.9501953125,5851.35009765625,0
2011-04-29,5749.5,5804.2998046875,5706.0498046875,5782.5,0
2011-05-02,5701.2998046875,5775.25,5687.7001953125,5766.89990234375,0
2011-05-03,5565.25,5710.7998046875,5554.85009765625,5689.7001953125,0
2011-05-04,5537.14990234375,5578.7998046875,5503.0,5567.7001953125,0
2011-05-05,5459.85009765625,5560.2998046875,5443.64990234375,5531.60009765625,0
2011-05-06,5551.4501953125,5564.39990234375,5472.4501953125,5477.64990234375,0
2011-05-09,5551.10009765625,5586.0498046875,5502.39990234375,5575.2001953125,0
2011-05-10,5541.25,5592.89990234375,5514.5498046875,5555.5498046875,0
2011-05-11,5565.0498046875,5574.7001953125,5525.0,5547.2001953125,0
2011-05-12,5486.14990234375,5572.5,5476.2998046875,5537.7998046875,0
2011-05-13,5544.75,5605.0,5472.14990234375,5492.35009765625,0
2011-05-16,5499.0,5541.7998046875,5487.64990234375,5541.7001953125,0
2011-05-17,5438.9501953125,5523.85009765625,5421.0498046875,5496.10009765625,0
2011-05-18,5420.60009765625,5460.5,5401.25,5448.2001953125,0
2011-05-19,5428.10009765625,5452.60009765625,5411.25,5448.14990234375,0
2011-05-20,5486.35009765625,5517.5498046875,5432.75,5450.64990234375,0
2011-05-23,5386.5498046875,5456.7001953125,5373.0,5456.7001953125,0
2011-05-24,5394.85009765625,5422.60009765625,5367.4501953125,5385.10009765625,0
2011-05-25,5348.9501953125,5389.10009765625,5328.7001953125,5389.10009765625,0
2011-05-26,5412.35009765625,5422.2001953125,5356.35009765625,5372.75,0
2011-05-27,5476.10009765625,5485.7998046875,5413.60009765625,5413.7001953125,0
2011-05-30,5473.10009765625,5509.2998046875,5458.60009765625,5493.75,0
2011-06-01,5592.0,5597.35009765625,5559.4501953125,5561.0498046875,0
2011-06-02,5550.35009765625,5568.2001953125,5521.9501953125,5529.89990234375,0
2011-06-03,5516.75,5604.9501953125,5507.2001953125,5565.7001953125,0
2011-06-06,5532.0498046875,5542.64990234375,5479.85009765625,5504.2998046875,0
2011-06-07,5556.14990234375,5570.10009765625,5507.7998046875,5509.14990234375,0
2011-06-08,5526.85009765625,5556.60009765625,5514.89990234375,5535.25,0
2011-06-09,5521.0498046875,5540.10009765625,5502.0498046875,5523.5498046875,0
2011-06-10,5485.7998046875,5521.4501953125,5457.4501953125,5518.0498046875,0
2011-06-13,5482.7998046875,5496.7001953125,5436.9501953125,5469.85009765625,0
2011-06-14,5500.5,5520.14990234375,5484.2001953125,5485.60009765625,0
2011-06-15,5447.5,5499.35009765625,5438.9501953125,5494.4501953125,0
2011-06-16,5396.75,5447.5,5389.7998046875,5419.64990234375,0
2011-06-17,5366.39990234375,5421.14990234375,5355.85009765625,5412.5,0
2011-06-20,5257.89990234375,5377.39990234375,5195.89990234375,5372.2001953125,0
2011-06-21,5275.85009765625,5322.4501953125,5257.0,5280.7998046875,0
2011-06-22,5278.2998046875,5310.5,5262.5,5304.64990234375,0
2011-06-23,5320.0,5330.60009765625,5252.25,5269.10009765625,0
2011-06-24,5471.25,5477.85009765625,5343.39990234375,5343.39990234375,0
2011-06-27,5526.60009765625,5552.64990234375,5434.25,5441.2001953125,0
2011-06-28,5545.2998046875,5558.2998046875,5496.35009765625,5548.85009765625,0
2011-06-29,5600.4501953125,5608.64990234375,5566.5,5566.5,0
2011-06-30,5647.39990234375,5657.89990234375,5606.10009765625,5614.5,0
2011-07-01,5627.2001953125,5705.7998046875,5609.75,5705.75,0
2011-07-04,5650.5,5679.64990234375,5633.10009765625,5679.5498046875,0
2011-07-05,5632.10009765625,5659.85009765625,5612.2998046875,5659.85009765625,0
2011-07-06,5625.4501953125,5655.39990234375,5610.75,5622.7001953125,0
2011-07-07,5728.9501953125,5737.14990234375,5632.9501953125,5633.35009765625,0
2011-07-08,5660.64990234375,5740.39990234375,5651.0498046875,5734.64990234375,0
2011-07-11,5616.10009765625,5652.89990234375,5601.7001953125,5648.0498046875,0
2011-07-12,5526.14990234375,5580.25,5496.9501953125,5556.89990234375,0
2011-07-13,5585.4501953125,5596.14990234375,5541.39990234375,5542.0498046875,0
2011-07-15,5581.10009765625,5631.7001953125,5562.75,5602.9501953125,0
2011-07-18,5567.0498046875,5596.60009765625,5550.9501953125,5581.75,0
2011-07-19,5613.5498046875,5627.64990234375,5557.2001953125,5569.85009765625,0
2011-07-20,5567.0498046875,5645.39990234375,5555.10009765625,5642.0498046875,0
2011-07-21,5541.60009765625,5578.89990234375,5532.7001953125,5554.60009765625,0
2011-07-22,5633.9501953125,5642.2001953125,5567.10009765625,5576.9501953125,0
2011-07-25,5680.2998046875,5700.5498046875,5616.7001953125,5633.7998046875,0
2011-07-26,5574.85009765625,5702.25,5560.14990234375,5688.4501953125,0
2011-07-27,5546.7998046875,5591.7001953125,5521.5,5588.5498046875,0
2011-07-28,5487.75,5512.10009765625,5475.64990234375,5492.39990234375,0
2011-07-29,5482.0,5520.2998046875,5453.9501953125,5479.0,0
2011-08-01,5516.7998046875,5551.89990234375,5486.4501953125,5527.5,0
2011-08-02,5456.5498046875,5496.2998046875,5433.64990234375,5493.2001953125,0
2011-08-03,5404.7998046875,5422.60009765625,5378.85009765625,5402.0,0
2011-08-04,5331.7998046875,5434.5,5323.14990234375,5412.39990234375,0
2011-08-05,5211.25,5229.64990234375,5116.4501953125,5204.35009765625,0
2011-08-08,5118.5,5204.2001953125,5054.0498046875,5083.85009765625,0
2011-08-09,5072.85009765625,5167.0,4946.4501953125,4947.89990234375,0
2011-08-10,5161.0,5197.9501953125,5123.35009765625,5196.5498046875,0
2011-08-11,5138.2998046875,5184.9501953125,5121.0,5128.0,0
2011-08-12,5072.9501953125,5194.4501953125,5053.35009765625,5194.39990234375,0
2011-08-16,5035.7998046875,5132.2001953125,5015.39990234375,5125.75,0
2011-08-17,5056.60009765625,5112.14990234375,5017.25,5030.2998046875,0
2011-08-18,4944.14990234375,5078.60009765625,4932.14990234375,5077.9501953125,0
2011-08-19,4845.64990234375,4893.60009765625,4796.10009765625,4859.2998046875,0
2011-08-22,4898.7998046875,4910.0498046875,4808.75,4843.7001953125,0
2011-08-23,4948.89990234375,4965.7998046875,4863.7998046875,4925.14990234375,0
2011-08-24,4888.89990234375,4962.39990234375,4875.2998046875,4934.35009765625,0
2011-08-25,4839.60009765625,4915.85009765625,4825.0498046875,4914.64990234375,0
2011-08-26,4747.7998046875,4872.0,4720.0,4839.25,0
2011-08-29,4919.60009765625,4934.39990234375,4806.0498046875,4806.2001953125,0
2011-08-30,5001.0,5016.25,4927.5498046875,4973.25,0
2011-09-02,5040.0,5113.7001953125,4993.35009765625,5109.7998046875,0
2011-09-05,5017.2001953125,5030.2998046875,4964.4501953125,4998.89990234375,0
2011-09-06,5064.2998046875,5072.89990234375,4942.89990234375,4993.35009765625,0
2011-09-07,5124.64990234375,5154.5,5076.2998046875,5080.14990234375,0
2011-09-08,5153.25,5169.25,5098.25,5139.2001953125,0
2011-09-09,5059.4501953125,5163.75,5046.7998046875,5161.2998046875,0
2011-09-12,4946.7998046875,4985.60009765625,4911.25,4981.7001953125,0
2011-09-13,4940.9501953125,5030.14990234375,4911.0498046875,4977.7998046875,0
2011-09-14,5012.5498046875,5026.14990234375,4917.39990234375,4965.0498046875,0
2011-09-15,5075.7001953125,5091.4501953125,4967.4501953125,5062.35009765625,0
2011-09-16,5084.25,5143.60009765625,5068.10009765625,5123.35009765625,0
2011-09-19,5031.9501953125,5068.39990234375,5019.25,5068.39990234375,0
2011-09-20,5140.2001953125,5149.89990234375,5035.25,5042.5498046875,0
2011-09-21,5133.25,5168.39990234375,5109.85009765625,5153.75,0
2011-09-22,4923.64990234375,5059.85009765625,4907.75,5054.4501953125,0
2011-09-23,4867.75,4930.25,4829.60009765625,4873.75,0
2011-09-26,4835.39990234375,4879.7998046875,4758.85009765625,4878.60009765625,0
2011-09-27,4971.25,4982.9501953125,4905.14990234375,4905.14990234375,0
2011-09-28,4945.89990234375,5006.0498046875,4918.4501953125,5005.5,0
2011-09-29,5015.4501953125,5034.25,4906.0,4924.2001953125,0
2011-09-30,4943.25,5025.5498046875,4924.2998046875,4990.14990234375,0
2011-10-03,4849.5,4879.14990234375,4823.89990234375,4874.39990234375,0
2011-10-04,4772.14990234375,4869.75,4728.2998046875,4823.5,0
2011-10-05,4751.2998046875,4827.7998046875,4741.0,4791.2998046875,0
2011-10-07,4888.0498046875,4922.60009765625,4861.2001953125,4883.64990234375,0
2011-10-10,4979.60009765625,4991.14990234375,4882.0498046875,4886.85009765625,0
2011-10-11,4974.35009765625,5045.10009765625,4964.0,5019.89990234375,0
2011-10-12,5099.39990234375,5109.7998046875,4997.64990234375,5011.2001953125,0
2011-10-13,5077.85009765625,5136.9501953125,5067.64990234375,5130.7998046875,0
2011-10-14,5132.2998046875,5141.39990234375,5056.60009765625,5057.35009765625,0
2011-10-17,5118.25,5160.2001953125,5084.5,5156.2001953125,0
2011-10-18,5037.5,5057.5,5011.0498046875,5049.4501953125,0
2011-10-19,5139.14990234375,5148.0498046875,5075.2998046875,5080.4501953125,0
2011-10-20,5091.89990234375,5099.0,5033.9501953125,5086.5498046875,0
2011-10-21,5049.9501953125,5120.75,5037.9501953125,5106.60009765625,0
2011-10-24,5098.35009765625,5145.64990234375,5084.75,5114.7001953125,0
2011-10-25,5191.60009765625,5211.0,5085.5498046875,5137.89990234375,0
2011-10-28,5360.7001953125,5399.7001953125,5322.7998046875,5341.89990234375,0
2011-10-31,5326.60009765625,5360.25,5314.60009765625,5358.89990234375,0
2011-11-01,5257.9501953125,5310.85009765625,5238.2998046875,5278.60009765625,0
2011-11-02,5258.4501953125,5300.10009765625,5204.9501953125,5216.75,0
2011-11-03,5265.75,5281.60009765625,5201.85009765625,5241.5498046875,0
2011-11-04,5284.2001953125,5326.4501953125,5256.7998046875,5325.39990234375,0
2011-11-08,5289.35009765625,5304.25,5252.0,5292.25,0
2011-11-09,5221.0498046875,5317.5,5211.75,5309.7001953125,0
2011-11-11,5168.85009765625,5198.60009765625,5142.25,5159.75,0
2011-11-14,5148.35009765625,5228.89990234375,5140.5498046875,5217.35009765625,0
2011-11-15,5068.5,5158.75,5052.85009765625,5131.2001953125,0
2011-11-16,5030.4501953125,5065.2001953125,4989.5,5059.10009765625,0
2011-11-17,4934.75,5036.7998046875,4919.4501953125,5027.10009765625,0
2011-11-18,4905.7998046875,4915.89990234375,4837.9501953125,4899.14990234375,0
2011-11-21,4778.35009765625,4873.7998046875,4764.7998046875,4873.7998046875,0
2011-11-22,4812.35009765625,4854.0,4782.5498046875,4794.85009765625,0
2011-11-23,4706.4501953125,4779.5,4640.9501953125,4779.5,0
2011-11-25,4710.0498046875,4767.2998046875,4693.10009765625,4731.2998046875,0
2011-11-28,4851.2998046875,4859.10009765625,4766.39990234375,4769.2998046875,0
2011-11-29,4805.10009765625,4866.10009765625,4787.10009765625,4864.2001953125,0
2011-11-30,4832.0498046875,4851.5498046875,4754.7998046875,4766.14990234375,0
2011-12-01,4936.85009765625,5011.89990234375,4916.7001953125,4970.85009765625,0
2011-12-02,5050.14990234375,5062.5498046875,4918.39990234375,4940.85009765625,0
2011-12-05,5039.14990234375,5055.39990234375,5002.5498046875,5036.5,0
2011-12-07,5062.60009765625,5099.25,5032.25,5050.10009765625,0
2011-12-08,4943.64990234375,5049.0498046875,4921.4501953125,5037.39990234375,0
2011-12-09,4866.7001953125,4918.35009765625,4841.75,4870.75,0
2011-12-12,4764.60009765625,4910.25,4755.5498046875,4906.85009765625,0
2011-12-13,4800.60009765625,4824.7001953125,4728.5,4733.60009765625,0
2011-12-14,4763.25,4839.5498046875,4750.39990234375,4788.7001953125,0
2011-12-15,4746.35009765625,4768.64990234375,4673.85009765625,4712.7998046875,0
2011-12-16,4651.60009765625,4818.85009765625,4628.2001953125,4752.5,0
2011-12-19,4613.10009765625,4623.14990234375,4555.89990234375,4623.14990234375,0
2011-12-20,4544.2001953125,4637.25,4531.14990234375,4635.7998046875,0
2011-12-21,4693.14990234375,4707.35009765625,4601.9501953125,4636.4501953125,0
2011-12-22,4733.85009765625,4740.60009765625,4632.9501953125,4636.89990234375,0
2011-12-23,4714.0,4763.4501953125,4693.2001953125,4763.2001953125,0
2011-12-27,4750.5,4800.5,4723.64990234375,4780.2001953125,0
2011-12-28,4705.7998046875,4756.2001953125,4685.64990234375,4756.2001953125,0
2011-12-29,4646.25,4701.7998046875,4639.0498046875,4681.14990234375,0
2011-12-30,4624.2998046875,4690.4501953125,4608.89990234375,4659.9501953125,0
2012-01-03,4765.2998046875,4773.10009765625,4675.7998046875,4675.7998046875,0
2012-01-04,4749.64990234375,4782.85009765625,4728.85009765625,4774.9501953125,0
2012-01-05,4749.9501953125,4779.7998046875,4730.14990234375,4749.0,0
2012-01-06,4754.10009765625,4794.89990234375,4686.85009765625,4724.14990234375,0
2012-01-09,4742.7998046875,4758.7001953125,4695.4501953125,4747.5498046875,0
2012-01-10,4849.5498046875,4855.89990234375,4768.25,4771.85009765625,0
2012-01-11,4860.9501953125,4877.2001953125,4841.60009765625,4863.14990234375,0
2012-01-12,4831.25,4869.2001953125,4803.89990234375,4840.9501953125,0
2012-01-13,4866.0,4898.85009765625,4834.2001953125,4861.9501953125,0
2012-01-16,4873.89990234375,4880.7998046875,4827.0498046875,4844.0,0
2012-01-17,4967.2998046875,4975.5498046875,4904.0,4904.5,0
2012-01-18,4955.7998046875,4980.64990234375,4931.0498046875,4977.75,0
2012-01-19,5018.39990234375,5023.7998046875,4991.39990234375,4995.0,0
2012-01-20,5048.60009765625,5064.14990234375,5004.2998046875,5044.85009765625,0
2012-01-23,5046.25,5059.5498046875,5021.35009765625,5025.35009765625,0
2012-01-24,5127.35009765625,5141.0498046875,5049.7998046875,5064.7998046875,0
2012-01-25,5158.2998046875,5174.14990234375,5130.25,5151.5,0
2012-01-27,5204.7001953125,5217.0,5162.39990234375,5216.75,0
2012-01-30,5087.2998046875,5166.14990234375,5076.7001953125,5163.5498046875,0
2012-01-31,5199.25,5215.39990234375,5120.14990234375,5125.25,0
2012-02-01,5235.7001953125,5244.60009765625,5159.0,5198.14990234375,0
2012-02-02,5269.89990234375,5289.9501953125,5225.75,5272.10009765625,0
2012-02-03,5325.85009765625,5334.85009765625,5255.5498046875,5276.10009765625,0
2012-02-06,5361.64990234375,5390.0498046875,5327.25,5379.4501953125,0
2012-02-07,5335.14990234375,5413.35009765625,5322.9501953125,5412.9501953125,0
2012-02-08,5368.14990234375,5396.89990234375,5325.2001953125,5343.7998046875,0
2012-02-09,5412.35009765625,5423.39990234375,5338.89990234375,5343.0498046875,0
2012-02-10,5381.60009765625,5427.75,5341.0498046875,5399.7998046875,0
2012-02-13,5390.2001953125,5421.0498046875,5351.39990234375,5382.10009765625,0
2012-02-14,5416.0498046875,5428.0498046875,5377.9501953125,5380.7998046875,0
2012-02-15,5531.9501953125,5542.10009765625,5460.60009765625,5460.60009765625,0
2012-02-16,5521.9501953125,5531.39990234375,5483.75,5513.75,0
2012-02-17,5564.2998046875,5606.7001953125,5545.2001953125,5574.2001953125,0
2012-02-21,5607.14990234375,5621.5,5561.75,5561.89990234375,0
2012-02-22,5505.35009765625,5629.9501953125,5491.35009765625,5609.75,0
2012-02-23,5483.2998046875,5537.39990234375,5460.7998046875,5490.0498046875,0
2012-02-24,5429.2998046875,5521.39990234375,5405.89990234375,5479.14990234375,0
2012-02-27,5281.2001953125,5449.7998046875,5268.14990234375,5448.10009765625,0
2012-02-28,5375.5,5391.10009765625,5306.4501953125,5310.5,0
2012-02-29,5385.2001953125,5458.7998046875,5352.25,5424.9501953125,0
2012-03-01,5339.75,5372.4501953125,5297.5,5366.0,0
2012-03-02,5359.35009765625,5392.5498046875,5315.0498046875,5369.4501953125,0
2012-03-05,5280.35009765625,5344.5,5265.7001953125,5342.5498046875,0
2012-03-06,5222.39990234375,5382.0498046875,5206.39990234375,5266.0,0
2012-03-07,5220.4501953125,5243.85009765625,5171.4501953125,5207.0498046875,0
2012-03-09,5333.5498046875,5342.2998046875,5291.60009765625,5294.10009765625,0
2012-03-12,5359.5498046875,5421.89990234375,5327.2998046875,5420.10009765625,0
2012-03-13,5429.5,5438.64990234375,5390.7998046875,5391.0498046875,0
2012-03-14,5463.89990234375,5499.39990234375,5437.7998046875,5490.5498046875,0
2012-03-15,5380.5,5462.5,5362.2998046875,5462.5,0
2012-03-16,5317.89990234375,5445.64990234375,5305.0,5380.35009765625,0
2012-03-19,5257.0498046875,5340.7001953125,5238.5498046875,5337.35009765625,0
2012-03-20,5274.85009765625,5297.35009765625,5233.25,5257.14990234375,0
2012-03-21,5364.9501953125,5372.35009765625,5256.0,5267.2001953125,0
2012-03-22,5228.4501953125,5385.9501953125,5205.64990234375,5361.10009765625,0
2012-03-23,5278.2001953125,5312.0,5220.0,5255.64990234375,0
2012-03-26,5184.25,5274.9501953125,5174.89990234375,5274.35009765625,0
2012-03-27,5243.14990234375,5277.9501953125,5184.64990234375,5242.9501953125,0
2012-03-28,5194.75,5236.5498046875,5169.60009765625,5231.7001953125,0
2012-03-29,5178.85009765625,5194.2998046875,5135.9501953125,5145.9501953125,0
2012-03-30,5295.5498046875,5307.10009765625,5203.64990234375,5206.60009765625,0
2012-04-02,5317.89990234375,5331.5498046875,5278.7998046875,5296.35009765625,0
2012-04-03,5358.5,5378.75,5344.4501953125,5353.2001953125,0
2012-04-04,5322.89990234375,5338.39990234375,5305.2998046875,5328.64990234375,0
2012-04-09,5234.39990234375,5287.89990234375,5228.0,5282.5,0
2012-04-10,5243.60009765625,5255.7998046875,5211.85009765625,5254.10009765625,0
2012-04-11,5226.85009765625,5263.64990234375,5190.7998046875,5209.4501953125,0
2012-04-12,5276.85009765625,5290.60009765625,5246.75,5246.75,0
2012-04-13,5207.4501953125,5306.75,5185.39990234375,5255.7001953125,0
2012-04-16,5226.2001953125,5233.5,5183.5,5190.60009765625,0
2012-04-17,5289.7001953125,5298.2001953125,5208.35009765625,5266.60009765625,0
2012-04-18,5300.0,5342.0,5293.4501953125,5320.7001953125,0
2012-04-19,5332.39990234375,5342.4501953125,5291.2998046875,5320.60009765625,0
2012-04-20,5290.85009765625,5336.14990234375,5245.4501953125,5313.9501953125,0
2012-04-23,5200.60009765625,5310.5498046875,5187.14990234375,5277.39990234375,0
2012-04-24,5222.64990234375,5232.35009765625,5180.35009765625,5215.89990234375,0
2012-04-25,5202.0,5236.10009765625,5160.64990234375,5222.2001953125,0
2012-04-26,5189.0,5215.60009765625,5179.0498046875,5214.75,0
2012-04-27,5190.60009765625,5223.0498046875,5154.2998046875,5189.0,0
2012-04-30,5248.14990234375,5262.14990234375,5201.4501953125,5201.4501953125,0
2012-05-02,5239.14990234375,5279.60009765625,5226.4501953125,5254.2998046875,0
2012-05-03,5188.39990234375,5217.2998046875,5180.64990234375,5211.2001953125,0
2012-05-04,5086.85009765625,5177.2001953125,5070.60009765625,5166.64990234375,0
2012-05-07,5114.14990234375,5124.75,4988.0,5017.7998046875,0
2012-05-08,4999.9501953125,5119.9501953125,4983.60009765625,5114.7001953125,0
2012-05-09,4974.7998046875,5016.25,4956.4501953125,4967.89990234375,0
2012-05-10,4965.7001953125,5039.2998046875,4950.2998046875,4984.14990234375,0
2012-05-11,4928.89990234375,4976.25,4906.14990234375,4938.85009765625,0
2012-05-14,4907.7998046875,4957.2001953125,4874.5,4934.35009765625,0
2012-05-15,4942.7998046875,4955.2001953125,4868.5498046875,4869.85009765625,0
2012-05-16,4858.25,4882.25,4837.0498046875,4875.2998046875,0
2012-05-17,4870.2001953125,4922.25,4850.2001953125,4878.60009765625,0
2012-05-18,4891.4501953125,4908.5,4788.9501953125,4796.39990234375,0
2012-05-22,4860.5,4956.35009765625,4849.89990234375,4954.7001953125,0
2012-05-23,4835.64990234375,4853.75,4803.9501953125,4843.0,0
2012-05-24,4921.39990234375,4931.89990234375,4830.14990234375,4863.39990234375,0
2012-05-25,4920.39990234375,4935.7998046875,4889.35009765625,4905.9501953125,0
2012-05-28,4985.64990234375,4994.9501953125,4931.2998046875,4931.7001953125,0
2012-05-29,4990.10009765625,5020.14990234375,4982.14990234375,5005.35009765625,0
2012-05-30,4950.75,4982.25,4944.89990234375,4964.25,0
2012-05-31,4924.25,4924.25,4894.4501953125,4896.10009765625,0
2012-06-01,4841.60009765625,4925.0,4831.75,4910.85009765625,0
2012-06-04,4848.14990234375,4858.2998046875,4770.35009765625,4797.2998046875,0
2012-06-05,4863.2998046875,4898.9501953125,4847.7001953125,4869.4501953125,0
2012-06-06,4997.10009765625,5010.4501953125,4886.14990234375,4886.64990234375,0
2012-06-07,5049.64990234375,5059.64990234375,5007.75,5035.35009765625,0
2012-06-08,5068.35009765625,5084.4501953125,4994.7998046875,5044.25,0
2012-06-11,5054.10009765625,5124.4501953125,5040.7001953125,5096.7001953125,0
2012-06-12,5115.89990234375,5128.89990234375,5015.14990234375,5015.5,0
2012-06-13,5121.4501953125,5144.89990234375,5095.4501953125,5117.5498046875,0
2012-06-14,5054.75,5130.0,5047.60009765625,5105.10009765625,0
2012-06-15,5139.0498046875,5146.2001953125,5069.14990234375,5069.5498046875,0
2012-06-18,5064.25,5190.2001953125,5041.7001953125,5174.0,0
2012-06-19,5103.85009765625,5113.60009765625,5048.10009765625,5050.7998046875,0
2012-06-20,5120.5498046875,5141.7001953125,5100.7001953125,5114.5498046875,0
2012-06-21,5165.0,5170.39990234375,5093.4501953125,5097.35009765625,0
2012-06-22,5146.0498046875,5159.7998046875,5094.0,5101.75,0
2012-06-25,5114.64990234375,5194.60009765625,5105.64990234375,5158.5,0
2012-06-26,5120.7998046875,5134.5498046875,5095.5,5107.4501953125,0
2012-06-27,5141.89990234375,5160.10009765625,5129.25,5149.4501953125,0
2012-06-28,5149.14990234375,5159.0498046875,5125.2998046875,5148.9501953125,0
2012-06-29,5278.89990234375,5286.25,5189.0,5191.25,0
2012-07-02,5278.60009765625,5302.14990234375,5263.35009765625,5283.85009765625,0
2012-07-03,5287.9501953125,5317.0,5265.9501953125,5298.85009765625,0
2012-07-04,5302.5498046875,5317.64990234375,5273.2998046875,5310.39990234375,0
2012-07-05,5327.2998046875,5333.64990234375,5288.85009765625,5297.0498046875,0
2012-07-06,5316.9501953125,5327.2001953125,5287.75,5324.7001953125,0
2012-07-09,5275.14990234375,5300.60009765625,5257.75,5283.7001953125,0
2012-07-10,5345.35009765625,5348.5498046875,5284.5498046875,5286.60009765625,0
2012-07-11,5306.2998046875,5336.4501953125,5300.25,5315.25,0
2012-07-12,5235.25,5261.75,5217.7001953125,5240.0,0
2012-07-13,5227.25,5267.14990234375,5216.85009765625,5242.75,0
2012-07-16,5197.25,5246.85009765625,5190.4501953125,5232.35009765625,0
2012-07-17,5192.85009765625,5236.7001953125,5181.7001953125,5228.0498046875,0
2012-07-18,5216.2998046875,5222.85009765625,5169.0498046875,5199.10009765625,0
2012-07-19,5242.7001953125,5257.75,5233.14990234375,5249.85009765625,0
2012-07-20,5205.10009765625,5238.7001953125,5197.5,5233.5498046875,0
2012-07-23,5117.9501953125,5164.2001953125,5108.10009765625,5163.25,0
2012-07-24,5128.2001953125,5144.0,5103.25,5128.7998046875,0
2012-07-25,5109.60009765625,5121.60009765625,5076.60009765625,5118.39990234375,0
2012-07-26,5043.0,5126.2998046875,5032.39990234375,5126.2998046875,0
2012-07-27,5099.85009765625,5149.9501953125,5077.5,5124.2998046875,0
2012-07-30,5199.7998046875,5206.60009765625,5129.75,5129.75,0
2012-07-31,5229.0,5234.5498046875,5154.0498046875,5214.85009765625,0
2012-08-01,5240.5,5246.35009765625,5212.64990234375,5220.7001953125,0
2012-08-02,5227.75,5236.89990234375,5209.9501953125,5233.10009765625,0
2012-08-03,5215.7001953125,5220.2001953125,5164.64990234375,5195.60009765625,0
2012-08-06,5282.5498046875,5293.2001953125,5260.85009765625,5260.85009765625,0
2012-08-07,5336.7001953125,5350.10009765625,5281.64990234375,5295.39990234375,0
2012-08-08,5338.0,5377.60009765625,5331.0498046875,5345.25,0
2012-08-09,5322.9501953125,5368.2001953125,5312.10009765625,5348.2998046875,0
2012-08-10,5320.39990234375,5330.10009765625,5294.10009765625,5308.2001953125,0
2012-08-13,5347.89990234375,5352.4501953125,5309.0498046875,5316.35009765625,0
2012-08-14,5380.35009765625,5387.0498046875,5328.7998046875,5343.25,0
2012-08-16,5362.9501953125,5390.64990234375,5356.64990234375,5385.9501953125,0
2012-08-17,5366.2998046875,5399.9501953125,5341.7001953125,5368.60009765625,0
2012-08-21,5421.0,5425.14990234375,5368.7001953125,5368.7001953125,0
2012-08-22,5412.85009765625,5433.35009765625,5394.7998046875,5395.75,0
2012-08-23,5415.35009765625,5448.60009765625,5393.85009765625,5426.14990234375,0
2012-08-24,5386.7001953125,5399.64990234375,5371.0,5392.60009765625,0
2012-08-27,5350.25,5399.14990234375,5346.64990234375,5387.85009765625,0
2012-08-29,5287.7998046875,5345.5,5282.7001953125,5343.85009765625,0
2012-08-30,5315.0498046875,5342.7998046875,5255.0498046875,5268.60009765625,0
2012-08-31,5258.5,5303.25,5238.89990234375,5298.2001953125,0
2012-09-03,5253.75,5295.7998046875,5243.14990234375,5276.5,0
2012-09-04,5274.0,5278.35009765625,5233.2001953125,5249.14990234375,0
2012-09-05,5225.7001953125,5259.5,5215.7001953125,5243.89990234375,0
2012-09-06,5238.39990234375,5260.60009765625,5217.64990234375,5217.64990234375,0
2012-09-07,5342.10009765625,5347.14990234375,5309.2001953125,5309.4501953125,0
2012-09-10,5363.4501953125,5375.4501953125,5349.10009765625,5361.89990234375,0
2012-09-11,5390.0,5393.35009765625,5332.10009765625,5336.10009765625,0
2012-09-12,5431.0,5435.5498046875,5393.9501953125,5404.4501953125,0
2012-09-13,5435.35009765625,5447.4501953125,5421.85009765625,5435.2001953125,0
2012-09-14,5577.64990234375,5586.64990234375,5526.9501953125,5528.35009765625,0
2012-09-17,5610.0,5652.2001953125,5585.14990234375,5631.75,0
2012-09-18,5600.0498046875,5620.5498046875,5586.4501953125,5602.39990234375,0
2012-09-20,5554.25,5581.35009765625,5534.89990234375,5536.9501953125,0
2012-09-21,5691.14990234375,5720.0,5575.4501953125,5577.0,0
2012-09-24,5669.60009765625,5709.85009765625,5662.75,5691.9501953125,0
2012-09-25,5673.89990234375,5702.7001953125,5652.4501953125,5674.89990234375,0
2012-09-26,5663.4501953125,5672.7998046875,5638.64990234375,5653.39990234375,0
2012-09-27,5649.5,5693.7001953125,5639.7001953125,5673.75,0
2012-09-28,5703.2998046875,5735.14990234375,5683.4501953125,5684.7998046875,0
2012-10-01,5718.7998046875,5722.9501953125,5694.0,5704.75,0
2012-10-03,5731.25,5743.25,5715.7998046875,5727.7001953125,0
2012-10-04,5787.60009765625,5807.25,5751.35009765625,5751.5498046875,0
2012-10-05,5746.9501953125,5815.35009765625,4888.2001953125,5815.0,0
2012-10-08,5676.0,5751.85009765625,5666.2001953125,5751.85009765625,0
2012-10-09,5704.60009765625,5728.64990234375,5677.89990234375,5708.14990234375,0
2012-10-10,5652.14990234375,5686.5,5647.0498046875,5671.14990234375,0
2012-10-11,5708.0498046875,5721.10009765625,5636.9501953125,5663.5,0
2012-10-12,5676.0498046875,5725.0,5659.35009765625,5681.7001953125,0
2012-10-15,5687.25,5693.7001953125,5651.0498046875,5674.25,0
2012-10-16,5648.0,5714.0,5635.60009765625,5705.60009765625,0
2012-10-17,5660.25,5684.35009765625,5633.89990234375,5681.10009765625,0
2012-10-18,5718.7001953125,5722.5,5650.5498046875,5675.2998046875,0
2012-10-19,5684.25,5711.7001953125,5660.0,5703.2998046875,0
2012-10-22,5717.14990234375,5721.5498046875,5658.0498046875,5667.60009765625,0
2012-10-23,5691.39990234375,5720.7998046875,5681.4501953125,5715.64990234375,0
2012-10-25,5705.2998046875,5718.75,5685.7001953125,5688.7998046875,0
2012-10-29,5665.60009765625,5698.2998046875,5645.10009765625,5665.2001953125,0
2012-10-30,5597.89990234375,5689.89990234375,5589.89990234375,5656.35009765625,0
2012-10-31,5619.7001953125,5624.39990234375,5583.0498046875,5596.75,0
2012-11-01,5645.0498046875,5649.75,5601.9501953125,5609.85009765625,0
2012-11-02,5697.7001953125,5711.2998046875,5682.5498046875,5696.35009765625,0
2012-11-05,5704.2001953125,5709.2001953125,5679.5,5693.0498046875,0
2012-11-06,5724.39990234375,5730.7998046875,5693.64990234375,5694.10009765625,0
2012-11-07,5760.10009765625,5777.2998046875,5711.39990234375,5718.60009765625,0
2012-11-08,5738.75,5744.5,5693.9501953125,5709.0,0
2012-11-09,5686.25,5751.7001953125,5677.75,5731.10009765625,0
2012-11-12,5683.7001953125,5718.89990234375,5665.75,5688.4501953125,0
2012-11-15,5631.0,5651.64990234375,5603.5498046875,5650.35009765625,0
2012-11-16,5574.0498046875,5650.14990234375,5559.7998046875,5624.7998046875,0
2012-11-19,5571.39990234375,5592.75,5549.25,5577.2998046875,0
2012-11-20,5571.5498046875,5613.7001953125,5548.35009765625,5604.7998046875,0
2012-11-21,5614.7998046875,5620.2001953125,5561.39990234375,5582.5,0
2012-11-22,5627.75,5643.35009765625,5608.0,5628.60009765625,0
2012-11-23,5626.60009765625,5637.75,5593.5498046875,5635.4501953125,0
2012-11-26,5635.89990234375,5649.2001953125,5623.4501953125,5648.64990234375,0
2012-11-27,5727.4501953125,5733.2001953125,5658.0,5658.5,0
2012-11-29,5825.0,5833.5,5736.10009765625,5736.7001953125,0
2012-11-30,5879.85009765625,5885.25,5827.85009765625,5836.0,0
2012-12-03,5870.9501953125,5899.14990234375,5854.60009765625,5878.25,0
2012-12-04,5889.25,5894.9501953125,5859.0,5866.7998046875,0
2012-12-05,5900.5,5917.7998046875,5891.35009765625,5906.60009765625,0
2012-12-06,5930.89990234375,5942.5498046875,5838.89990234375,5926.2998046875,0
2012-12-07,5907.39990234375,5949.85009765625,5888.64990234375,5934.0,0
2012-12-10,5908.89990234375,5919.9501953125,5888.10009765625,5916.0498046875,0
2012-12-11,5898.7998046875,5965.14990234375,5865.4501953125,5923.7998046875,0
2012-12-12,5888.0,5924.60009765625,5874.25,5917.7998046875,0
2012-12-13,5851.5,5907.4501953125,5841.35009765625,5900.35009765625,0
2012-12-14,5879.60009765625,5886.10009765625,5839.14990234375,5846.89990234375,0
2012-12-17,5857.89990234375,5886.0498046875,5850.14990234375,5860.5,0
2012-12-18,5896.7998046875,5905.7998046875,5823.14990234375,5873.60009765625,0
2012-12-19,5929.60009765625,5939.39990234375,5910.7998046875,5917.2998046875,0
2012-12-20,5916.39990234375,5937.60009765625,5881.4501953125,5934.4501953125,0
2012-12-21,5847.7001953125,5888.0,5841.64990234375,5888.0,0
2012-12-24,5855.75,5871.89990234375,5844.7001953125,5869.0,0
2012-12-26,5905.60009765625,5917.2998046875,5859.5498046875,5864.9501953125,0
2012-12-27,5870.10009765625,5930.7998046875,5864.7001953125,5930.2001953125,0
2012-12-28,5908.35009765625,5915.75,5879.5,5887.14990234375,0
2012-12-31,5905.10009765625,5919.0,5897.14990234375,5901.2001953125,0
2013-01-02,5993.25,6006.0498046875,5982.0,5982.60009765625,0
2013-01-03,6009.5,6017.0,5986.5498046875,6015.7998046875,0
2013-01-04,6016.14990234375,6020.75,5981.5498046875,6011.9501953125,0
2013-01-07,5988.39990234375,6042.14990234375,5977.14990234375,6042.14990234375,0
2013-01-08,6001.7001953125,6007.0498046875,5964.39990234375,5983.4501953125,0
2013-01-09,5971.5,6020.10009765625,5958.4501953125,6006.2001953125,0
2013-01-10,5968.64990234375,6005.14990234375,5947.2998046875,5998.7998046875,0
2013-01-11,5951.2998046875,6018.85009765625,5940.60009765625,6012.39990234375,0
2013-01-14,6024.0498046875,6036.89990234375,5962.14990234375,5967.2001953125,0
2013-01-15,6056.60009765625,6068.5,6018.60009765625,6037.85009765625,0
2013-01-16,6001.85009765625,6055.9501953125,5992.0498046875,6049.0,0
2013-01-17,6039.2001953125,6053.2001953125,5988.10009765625,6001.25,0
2013-01-18,6064.39990234375,6083.39990234375,6048.2998046875,6059.85009765625,0
2013-01-21,6082.2998046875,6094.35009765625,6065.10009765625,6085.75,130900
2013-01-22,6048.5,6101.2998046875,6040.5,6080.14990234375,129000
2013-01-23,6054.2998046875,6069.7998046875,6021.14990234375,6052.85009765625,137000
2013-01-24,6019.35009765625,6065.2998046875,6007.85009765625,6046.2001953125,185200
2013-01-25,6074.64990234375,6080.5498046875,6014.4501953125,6024.5,147600
2013-01-28,6074.7998046875,6088.39990234375,6061.39990234375,6082.10009765625,113100
2013-01-29,6049.89990234375,6111.7998046875,6042.4501953125,6064.7001953125,157600
2013-01-30,6055.75,6071.9501953125,6044.14990234375,6065.0,124200
2013-01-31,6034.75,6058.0498046875,6025.14990234375,6045.64990234375,168500
2013-02-01,5998.89990234375,6052.9501953125,5983.2001953125,6040.9501953125,159300
2013-02-04,5987.25,6038.5,5981.25,6025.2001953125,141700
2013-02-05,5956.89990234375,5970.35009765625,5946.89990234375,5948.2001953125,136200
2013-02-06,5959.2001953125,5990.89990234375,5953.14990234375,5988.0498046875,157800
2013-02-07,5938.7998046875,5978.5,5927.60009765625,5936.4501953125,157600
2013-02-08,5903.5,5953.7001953125,5883.64990234375,5929.10009765625,192600
2013-02-11,5897.85009765625,5924.14990234375,5879.10009765625,5920.0498046875,122000
2013-02-12,5922.5,5927.64990234375,5886.4501953125,5894.35009765625,142800
2013-02-13,5932.9501953125,5969.5,5922.9501953125,5943.14990234375,142600
2013-02-14,5896.9501953125,5940.2001953125,5884.5498046875,5933.2001953125,143800
2013-02-15,5887.39990234375,5899.9501953125,5853.89990234375,5869.9501953125,125100
2013-02-18,5898.2001953125,5911.0,5878.4501953125,5888.64990234375,114300
2013-02-19,5939.7001953125,5947.5498046875,5883.14990234375,5900.2001953125,101000
2013-02-20,5943.0498046875,5971.0,5937.5498046875,5966.2998046875,135400
2013-02-21,5852.25,5921.14990234375,5844.39990234375,5909.64990234375,159400
2013-02-22,5850.2998046875,5873.7998046875,5835.7998046875,5837.9501953125,157000
2013-02-25,5854.75,5878.39990234375,5825.0,5870.5498046875,125100
2013-02-26,5761.35009765625,5838.85009765625,5748.60009765625,5838.2998046875,157400
2013-02-27,5796.89990234375,5818.2001953125,5749.7001953125,5784.89990234375,175200
2013-02-28,5693.0498046875,5849.89990234375,5671.89990234375,5834.35009765625,334900
2013-03-01,5719.7001953125,5739.4501953125,5679.89990234375,5702.4501953125,174500
2013-03-04,5698.5,5712.0,5663.60009765625,5704.7001953125,144900
2013-03-05,5784.25,5790.10009765625,5722.39990234375,5722.4501953125,154400
2013-03-06,5818.60009765625,5828.7001953125,5795.0498046875,5816.39990234375,156900
2013-03-07,5863.2998046875,5878.0,5801.2998046875,5801.2998046875,134700
2013-03-08,5945.7001953125,5952.85009765625,5883.0,5883.64990234375,150800
2013-03-11,5942.35009765625,5971.2001953125,5930.35009765625,5946.10009765625,125400
2013-03-12,5914.10009765625,5952.0,5893.64990234375,5944.60009765625,115900
2013-03-13,5851.2001953125,5893.85009765625,5842.25,5884.7998046875,116700
2013-03-14,5908.9501953125,5920.14990234375,5791.75,5845.9501953125,149000
2013-03-15,5872.60009765625,5945.64990234375,5861.0,5914.89990234375,152200
2013-03-18,5835.25,5850.2001953125,5814.35009765625,5816.75,102700
2013-03-19,5745.9501953125,5863.60009765625,5724.2998046875,5859.5,182300
2013-03-20,5694.39990234375,5745.2998046875,5682.2998046875,5740.5498046875,187600
2013-03-21,5658.75,5757.75,5647.9501953125,5705.89990234375,179200
2013-03-22,5651.35009765625,5691.4501953125,5631.7998046875,5659.7998046875,165300
2013-03-25,5633.85009765625,5718.39990234375,5624.39990234375,5707.2998046875,150400
2013-03-26,5641.60009765625,5655.2998046875,5612.0498046875,5613.75,126500
2013-03-28,5682.5498046875,5692.9501953125,5604.85009765625,5647.75,209700
2013-04-01,5704.39990234375,5720.9501953125,5675.89990234375,5697.35009765625,97800
2013-04-02,5748.10009765625,5754.60009765625,5687.14990234375,5701.7001953125,106400
2013-04-03,5672.89990234375,5744.9501953125,5650.10009765625,5740.2001953125,140700
2013-04-04,5574.75,5644.4501953125,5565.64990234375,5640.64990234375,134600
2013-04-05,5553.25,5577.2998046875,5534.7001953125,5568.10009765625,137500
2013-04-08,5542.9501953125,5569.2001953125,5537.0498046875,5550.5,97000
2013-04-09,5495.10009765625,5603.0498046875,5487.0,5568.75,138200
2013-04-10,5558.7001953125,5569.25,5477.2001953125,5536.25,128600
2013-04-11,5594.0,5610.64990234375,5542.85009765625,5601.64990234375,146800
2013-04-12,5528.5498046875,5544.5,5494.89990234375,5520.7001953125,127300
2013-04-15,5568.39990234375,5592.85009765625,5500.2998046875,5508.5,142900
2013-04-16,5688.9501953125,5699.25,5555.85009765625,5562.4501953125,142700
2013-04-17,5688.7001953125,5732.14990234375,5669.0,5708.64990234375,154600
2013-04-18,5783.10009765625,5794.35009765625,5681.85009765625,5682.7001953125,149900
2013-04-22,5834.39990234375,5844.85009765625,5789.7998046875,5789.85009765625,135100
2013-04-23,5836.89990234375,5844.2998046875,5791.5498046875,5843.10009765625,132200
2013-04-25,5916.2998046875,5924.60009765625,5853.2998046875,5856.10009765625,199600
2013-04-26,5871.4501953125,5907.0498046875,5860.5,5899.75,141300
2013-04-29,5904.10009765625,5918.64990234375,5868.7998046875,5877.60009765625,118900
2013-04-30,5930.2001953125,5962.2998046875,5867.7998046875,5932.60009765625,153200
2013-05-02,5999.35009765625,6019.4501953125,5910.9501953125,5911.39990234375,162400
2013-05-03,5944.0,6000.2998046875,5930.14990234375,5993.5,145800
2013-05-06,5971.0498046875,5976.5,5928.4501953125,5944.89990234375,110200
2013-05-07,6043.5498046875,6050.5,5982.9501953125,5983.4501953125,136400
2013-05-08,6069.2998046875,6083.5498046875,6024.9501953125,6064.14990234375,122300
2013-05-09,6050.14990234375,6084.7001953125,6040.4501953125,6078.35009765625,110000
2013-05-10,6094.75,6105.2998046875,6045.60009765625,6046.25,111400
2013-05-13,5980.4501953125,6104.9501953125,5972.89990234375,6098.2001953125,107900
2013-05-14,5995.39990234375,6026.2001953125,5970.0498046875,5989.7001953125,119300
2013-05-15,6146.75,6157.10009765625,6018.85009765625,6018.85009765625,153900
2013-05-16,6169.89990234375,6187.2998046875,6128.25,6128.25,158600
2013-05-17,6187.2998046875,6199.9501953125,6146.14990234375,6172.9501953125,147300
2013-05-20,6156.89990234375,6229.4501953125,6146.0498046875,6198.0,122300
2013-05-21,6114.10009765625,6180.25,6102.35009765625,6152.35009765625,130600
2013-05-22,6094.5,6147.60009765625,6074.4501953125,6127.0498046875,133800
2013-05-23,5967.0498046875,6081.4501953125,5955.7001953125,6050.39990234375,198900
2013-05-24,5983.5498046875,6015.2998046875,5936.7998046875,6010.7001953125,161600
2013-05-27,6083.14990234375,6099.89990234375,5975.5498046875,5989.39990234375,115100
2013-05-28,6111.25,6127.64990234375,6055.39990234375,6086.35009765625,139700
2013-05-29,6104.2998046875,6125.0498046875,6069.7998046875,6120.4501953125,120200
2013-05-30,6124.0498046875,6133.75,6072.14990234375,6072.14990234375,194100
2013-05-31,5985.9501953125,6106.25,5975.5498046875,6098.7001953125,175300
2013-06-03,5939.2998046875,6011.0,5916.35009765625,5997.35009765625,112100
2013-06-04,5919.4501953125,5981.60009765625,5910.25,5941.10009765625,114500
2013-06-05,5923.85009765625,5935.2001953125,5883.7001953125,5908.2998046875,110200
2013-06-06,5921.39990234375,5956.5498046875,5869.5,5895.0,114200
2013-06-07,5881.0,5972.7001953125,5871.2998046875,5900.0498046875,118300
2013-06-10,5878.0,5931.64990234375,5857.39990234375,5907.89990234375,100100
2013-06-11,5788.7998046875,5868.0498046875,5780.35009765625,5848.75,180900
2013-06-12,5760.2001953125,5792.89990234375,5738.60009765625,5771.75,140400
2013-06-13,5699.10009765625,5729.85009765625,5683.10009765625,5709.35009765625,142000
2013-06-14,5808.39990234375,5819.39990234375,5739.39990234375,5748.9501953125,124400
2013-06-17,5850.0498046875,5854.89990234375,5770.25,5820.39990234375,107200
2013-06-18,5813.60009765625,5863.39990234375,5804.2998046875,5841.89990234375,117500
2013-06-19,5822.25,5828.39990234375,5777.89990234375,5805.75,115500
2013-06-20,5655.89990234375,5755.0,5645.64990234375,5754.14990234375,198400
2013-06-21,5667.64990234375,5686.14990234375,5616.85009765625,5639.89990234375,182400
2013-06-24,5590.25,5640.0,5566.25,5638.0498046875,193500
2013-06-25,5609.10009765625,5666.25,5570.25,5606.9501953125,196600
2013-06-26,5588.7001953125,5635.25,5579.35009765625,5627.9501953125,160100
2013-06-27,5682.35009765625,5699.35009765625,5630.9501953125,5647.9501953125,239000
2013-06-28,5842.2001953125,5852.9501953125,5749.5,5749.5,214400
2013-07-01,5898.85009765625,5904.35009765625,5822.2001953125,5834.10009765625,144800
2013-07-02,5857.5498046875,5898.7998046875,5852.2998046875,5885.5,145700
2013-07-03,5770.89990234375,5815.0,5760.39990234375,5811.9501953125,160500
2013-07-04,5836.9501953125,5848.2001953125,5786.0498046875,5794.75,151900
2013-07-05,5867.89990234375,5900.4501953125,5858.4501953125,5889.9501953125,123600
2013-07-08,5811.5498046875,5833.85009765625,5775.5498046875,5833.14990234375,127600
2013-07-09,5859.0,5864.9501953125,5834.60009765625,5834.60009765625,110400
2013-07-10,5816.7001953125,5879.35009765625,5802.85009765625,5869.89990234375,117500
2013-07-11,5935.10009765625,5948.85009765625,5887.9501953125,5894.5,120200
2013-07-12,6009.0,6019.0,5951.14990234375,6000.5,127700
2013-07-15,6030.7998046875,6038.2001953125,5980.9501953125,5991.2001953125,116300
2013-07-16,5955.25,5966.0498046875,5910.9501953125,5930.7998046875,151200
2013-07-17,5973.2998046875,5989.7998046875,5926.75,5972.25,191500
2013-07-18,6038.0498046875,6051.10009765625,5974.5498046875,5984.7001953125,171700
2013-07-19,6029.2001953125,6066.85009765625,6020.25,6057.2001953125,163300
2013-07-22,6031.7998046875,6064.14990234375,6004.25,6009.75,115200
2013-07-23,6077.7998046875,6093.35009765625,6061.2998046875,6064.2998046875,126500
2013-07-24,5990.5,6047.25,5962.60009765625,6032.2001953125,151900
2013-07-25,5907.5,5990.64990234375,5896.39990234375,5970.39990234375,237100
2013-07-26,5886.2001953125,5944.5,5869.5,5937.9501953125,174500
2013-07-29,5831.64990234375,5886.0,5825.7998046875,5869.9501953125,173400
2013-07-30,5755.0498046875,5861.2998046875,5747.60009765625,5836.0498046875,181500
2013-07-31,5742.0,5752.10009765625,5675.75,5738.35009765625,235500
2013-08-01,5727.85009765625,5808.5,5676.85009765625,5776.89990234375,216800
2013-08-02,5677.89990234375,5761.85009765625,5649.0,5750.0498046875,222500
2013-08-05,5685.39990234375,5721.0,5661.5,5682.39990234375,197200
2013-08-06,5542.25,5664.89990234375,5521.7998046875,5664.89990234375,216200
2013-08-07,5519.10009765625,5561.4501953125,5486.85009765625,5549.2998046875,245000
2013-08-08,5565.64990234375,5577.60009765625,5510.0498046875,5510.0498046875,204900
2013-08-12,5612.39990234375,5644.10009765625,5557.10009765625,5606.7001953125,195700
2013-08-13,5699.2998046875,5704.75,5578.89990234375,5600.25,223000
2013-08-14,5742.2998046875,5754.5498046875,5690.2001953125,5715.39990234375,223700
2013-08-16,5507.85009765625,5716.60009765625,5496.0498046875,5705.4501953125,248100
2013-08-19,5414.75,5499.64990234375,5360.64990234375,5497.5498046875,219700
2013-08-20,5401.4501953125,5417.7998046875,5306.35009765625,5353.4501953125,261100
2013-08-21,5302.5498046875,5504.10009765625,5268.4501953125,5494.4501953125,255000
2013-08-22,5408.4501953125,5418.9501953125,5254.0498046875,5282.7998046875,284500
2013-08-23,5471.75,5478.7998046875,5377.7998046875,5428.75,251500
2013-08-26,5476.5,5528.7001953125,5454.4501953125,5499.39990234375,242000
2013-08-27,5287.4501953125,5427.39990234375,5274.25,5426.5,306000
2013-08-28,5285.0,5317.7001953125,5118.85009765625,5233.4501953125,336000
2013-08-29,5409.0498046875,5428.89990234375,5303.0,5316.5,326500
2013-08-30,5471.7998046875,5493.2998046875,5360.2001953125,5407.4501953125,336400
2013-09-02,5550.75,5564.89990234375,5478.85009765625,5480.25,214200
2013-09-03,5341.4501953125,5580.9501953125,5323.75,5574.7001953125,250300
2013-09-04,5448.10009765625,5460.25,5318.89990234375,5358.64990234375,237200
2013-09-05,5592.9501953125,5625.75,5552.7001953125,5553.75,274900
2013-09-06,5680.39990234375,5688.60009765625,5566.14990234375,5617.4501953125,253000
2013-09-10,5896.75,5904.85009765625,5738.2001953125,5738.5,275200
2013-09-11,5913.14990234375,5924.35009765625,5832.7001953125,5887.25,265000
2013-09-12,5850.7001953125,5932.0,5815.7998046875,5931.14990234375,273000
2013-09-13,5850.60009765625,5884.2998046875,5822.89990234375,5828.0,190800
2013-09-16,5840.5498046875,5957.25,5798.14990234375,5930.2998046875,219500
2013-09-17,5850.2001953125,5857.7998046875,5804.89990234375,5824.2001953125,157900
2013-09-18,5899.4501953125,5916.89990234375,5840.2001953125,5872.75,153600
2013-09-19,6115.5498046875,6142.5,6040.14990234375,6044.14990234375,287200
2013-09-20,6012.10009765625,6130.9501953125,5932.85009765625,6104.5498046875,318600
2013-09-23,5889.75,5989.39990234375,5871.39990234375,5945.7998046875,188300
2013-09-24,5892.4501953125,5938.39990234375,5854.5498046875,5855.0,187600
2013-09-25,5873.85009765625,5910.5498046875,5811.10009765625,5901.5498046875,200200
2013-09-26,5882.25,5917.64990234375,5864.10009765625,5872.7998046875,220600
2013-09-27,5833.2001953125,5909.2001953125,5819.2998046875,5905.5498046875,163100
2013-09-30,5735.2998046875,5810.2001953125,5718.5,5801.0498046875,155700
2013-10-01,5780.0498046875,5786.4501953125,5700.9501953125,5756.10009765625,159200
2013-10-03,5909.7001953125,5917.60009765625,5802.7001953125,5819.10009765625,199800
2013-10-04,5907.2998046875,5950.4501953125,5885.0,5891.2998046875,191500
2013-10-07,5906.14990234375,5912.0,5825.85009765625,5889.0498046875,156400
2013-10-08,5928.39990234375,5981.7001953125,5913.0,5975.0,158500
2013-10-09,6007.4501953125,6015.5,5877.10009765625,5893.25,192000
2013-10-10,6020.9501953125,6033.9501953125,5979.7998046875,6001.0498046875,159600
2013-10-11,6096.2001953125,6107.60009765625,6046.39990234375,6104.85009765625,180800
2013-10-14,6112.7001953125,6124.10009765625,6082.89990234375,6093.0,142200
2013-10-15,6089.0498046875,6156.2998046875,6056.5498046875,6147.5498046875,218300
2013-10-17,6045.85009765625,6110.75,6032.5498046875,6098.5,230600
2013-10-18,6189.35009765625,6201.4501953125,6070.89990234375,6070.89990234375,250300
2013-10-21,6204.9501953125,6218.9501953125,6163.2998046875,6202.0,197000
2013-10-22,6202.7998046875,6220.10009765625,6181.7998046875,6192.2998046875,161900
2013-10-23,6178.35009765625,6217.9501953125,6116.60009765625,6209.5498046875,188300
2013-10-24,6164.35009765625,6252.4501953125,6142.9501953125,6162.7998046875,148900
2013-10-25,6144.89990234375,6174.75,6125.9501953125,6154.0,144500
2013-10-28,6101.10009765625,6168.75,6094.10009765625,6155.10009765625,146300
2013-10-29,6220.89990234375,6228.0498046875,6079.2001953125,6107.5498046875,197300
2013-10-30,6251.7001953125,6269.2001953125,6222.60009765625,6230.7998046875,177600
2013-10-31,6299.14990234375,6309.0498046875,6235.89990234375,6237.14990234375,239600
2013-11-01,6307.2001953125,6332.60009765625,6286.9501953125,6289.75,191600
2013-11-05,6253.14990234375,6304.75,6244.2998046875,6282.14990234375,181100
2013-11-06,6215.14990234375,6269.7001953125,6208.7001953125,6260.5498046875,157100
2013-11-07,6187.25,6288.9501953125,6180.7998046875,6228.89990234375,168800
2013-11-08,6140.75,6185.14990234375,6120.9501953125,6170.14990234375,150100
2013-11-11,6078.7998046875,6141.64990234375,6067.75,6110.39990234375,146100
2013-11-12,6018.0498046875,6108.7001953125,6011.75,6087.25,153800
2013-11-13,5989.60009765625,6042.25,5972.4501953125,5998.85009765625,162500
2013-11-14,6056.14990234375,6101.64990234375,6036.64990234375,6037.0,154900
2013-11-18,6189.0,6196.7998046875,6110.39990234375,6111.0498046875,164000
2013-11-19,6203.35009765625,6212.39990234375,6180.2001953125,6197.25,161500
2013-11-20,6122.89990234375,6204.35009765625,6106.9501953125,6186.85009765625,155800
2013-11-21,5999.0498046875,6097.35009765625,5985.39990234375,6096.5,137200
2013-11-22,5995.4501953125,6049.60009765625,5972.7998046875,6027.35009765625,134800
2013-11-25,6115.35009765625,6123.5,6035.9501953125,6035.9501953125,127200
2013-11-26,6059.10009765625,6112.7001953125,6047.75,6099.25,150700
2013-11-27,6057.10009765625,6074.0,6030.2998046875,6062.7001953125,124900
2013-11-28,6091.85009765625,6112.9501953125,6068.2998046875,6092.0,195300
2013-11-29,6176.10009765625,6182.5,6103.7998046875,6103.89990234375,190700
2013-12-02,6217.85009765625,6228.7001953125,6171.14990234375,6171.14990234375,145900
2013-12-03,6201.85009765625,6225.39990234375,6191.39990234375,6204.25,156900
2013-12-04,6160.9501953125,6209.14990234375,6149.89990234375,6187.9501953125,186200
2013-12-05,6241.10009765625,6300.5498046875,6232.0,6262.4501953125,186100
2013-12-06,6259.89990234375,6275.35009765625,6230.75,6234.39990234375,158500
2013-12-09,6363.89990234375,6415.25,6345.0,6415.0,198300
2013-12-10,6332.85009765625,6362.25,6307.5498046875,6354.7001953125,242400
2013-12-11,6307.89990234375,6326.60009765625,6280.25,6307.2001953125,148200
2013-12-12,6237.0498046875,6286.85009765625,6230.5498046875,6276.75,148500
2013-12-13,6168.39990234375,6208.60009765625,6161.39990234375,6201.2998046875,169700
2013-12-16,6154.7001953125,6183.25,6146.0498046875,6168.35009765625,146500
2013-12-17,6139.0498046875,6190.5498046875,6133.0,6178.2001953125,154200
2013-12-18,6217.14990234375,6236.0,6129.9501953125,6129.9501953125,243300
2013-12-19,6166.64990234375,6263.75,6150.7001953125,6253.89990234375,437000
2013-12-20,6274.25,6284.5,6170.35009765625,6179.9501953125,172000
2013-12-23,6284.5,6317.5,6266.9501953125,6267.2001953125,131200
2013-12-24,6268.39990234375,6301.5,6262.0,6296.4501953125,107600
2013-12-26,6278.89990234375,6302.75,6259.4501953125,6270.10009765625,182300
2013-12-27,6313.7998046875,6324.89990234375,6289.39990234375,6292.7998046875,96900
2013-12-30,6291.10009765625,6344.0498046875,6273.14990234375,6336.39990234375,101300
2013-12-31,6304.0,6317.2998046875,6287.2998046875,6307.35009765625,103400
2014-01-02,6221.14990234375,6358.2998046875,6211.2998046875,6301.25,158100
2014-01-03,6211.14990234375,6221.7001953125,6171.25,6194.5498046875,139000
2014-01-06,6191.4501953125,6224.7001953125,6170.25,6220.85009765625,118300
2014-01-07,6162.25,6221.5,6144.75,6203.89990234375,138600
2014-01-08,6174.60009765625,6192.10009765625,6160.35009765625,6178.0498046875,146900
2014-01-09,6168.35009765625,6188.0498046875,6148.25,6181.7001953125,150100
2014-01-10,6171.4501953125,6239.10009765625,6139.60009765625,6178.85009765625,159900
2014-01-13,6272.75,6288.2001953125,6189.5498046875,6189.5498046875,135000
2014-01-14,6241.85009765625,6280.35009765625,6234.14990234375,6260.25,110200
2014-01-15,6320.89990234375,6325.2001953125,6265.2998046875,6265.9501953125,145900
2014-01-16,6318.89990234375,6346.5,6299.85009765625,6341.35009765625,153400
2014-01-17,6261.64990234375,6327.10009765625,6246.35009765625,6306.25,167700
2014-01-20,6303.9501953125,6307.4501953125,6243.35009765625,6261.75,122100
2014-01-21,6313.7998046875,6330.2998046875,6297.89990234375,6320.14990234375,141700
2014-01-22,6338.9501953125,6349.9501953125,6287.4501953125,6309.0498046875,137500
2014-01-23,6345.64990234375,6355.60009765625,6316.39990234375,6325.9501953125,120100
2014-01-24,6266.75,6331.4501953125,6263.89990234375,6301.64990234375,160300
2014-01-27,6135.85009765625,6188.5498046875,6130.25,6186.2998046875,190400
2014-01-28,6126.25,6163.60009765625,6085.9501953125,6131.85009765625,184100
2014-01-29,6120.25,6170.4501953125,6109.7998046875,6161.0,146700
2014-01-30,6073.7001953125,6082.85009765625,6027.25,6067.0,208100
2014-01-31,6089.5,6097.85009765625,6067.35009765625,6082.75,146700
2014-02-03,6001.7998046875,6074.85009765625,5994.4501953125,6058.7998046875,134900
2014-02-04,6000.89990234375,6017.7998046875,5933.2998046875,5947.60009765625,183300
2014-02-05,6022.39990234375,6028.0498046875,5962.0498046875,6004.25,166600
2014-02-06,6036.2998046875,6048.35009765625,5965.39990234375,6028.35009765625,185500
2014-02-07,6063.2001953125,6079.9501953125,6030.89990234375,6077.64990234375,181900
2014-02-10,6053.4501953125,6083.0498046875,6046.39990234375,6072.7998046875,133100
2014-02-11,6062.7001953125,6081.85009765625,6053.25,6072.4501953125,150500
2014-02-12,6084.0,6106.60009765625,6077.39990234375,6085.35009765625,138500
2014-02-13,6001.10009765625,6094.39990234375,5991.10009765625,6087.5498046875,153700
2014-02-14,6048.35009765625,6056.39990234375,5984.60009765625,6023.75,140200
2014-02-18,6127.10009765625,6141.7001953125,6066.7998046875,6071.2998046875,126600
2014-02-19,6152.75,6160.35009765625,6125.75,6132.0498046875,95200
2014-02-20,6091.4501953125,6129.10009765625,6086.4501953125,6127.14990234375,132100
2014-02-21,6155.4501953125,6159.64990234375,6108.0,6108.2998046875,112600
2014-02-24,6186.10009765625,6191.85009765625,6130.7998046875,6140.9501953125,144900
2014-02-25,6200.0498046875,6216.85009765625,6176.60009765625,6205.7001953125,146300
2014-02-26,6238.7998046875,6245.9501953125,6202.10009765625,6202.4501953125,181700
2014-02-28,6276.9501953125,6282.7001953125,6228.10009765625,6228.4501953125,180600
2014-03-03,6221.4501953125,6277.75,6212.25,6264.35009765625,144600
2014-03-04,6297.9501953125,6302.14990234375,6215.7001953125,6216.75,166800
2014-03-05,6328.64990234375,6336.25,6287.7998046875,6328.4501953125,160300
2014-03-06,6401.14990234375,6406.60009765625,6339.7001953125,6344.75,180700
2014-03-07,6526.64990234375,6537.7998046875,6413.5498046875,6413.9501953125,284900
2014-03-10,6537.25,6562.2001953125,6487.35009765625,6491.7001953125,242100
2014-03-11,6511.89990234375,6562.85009765625,6494.25,6537.35009765625,239000
2014-03-12,6516.89990234375,6546.14990234375,6487.2998046875,6497.5,175000
2014-03-13,6493.10009765625,6561.4501953125,6476.64990234375,6491.75,167900
2014-03-14,6504.2001953125,6518.4501953125,6432.7001953125,6447.25,177300
2014-03-18,6516.64990234375,6574.9501953125,6497.64990234375,6532.4501953125,179300
2014-03-19,6524.0498046875,6541.2001953125,6506.0,6530.0,172500
2014-03-20,6483.10009765625,6523.64990234375,6473.25,6508.35009765625,142000
2014-03-21,6493.2001953125,6522.89990234375,6485.7001953125,6515.2001953125,189900
2014-03-24,6583.5,6591.5,6510.5,6510.5,158400
2014-03-25,6589.75,6595.5498046875,6544.85009765625,6550.10009765625,168100
2014-03-26,6601.39990234375,6627.4501953125,6580.60009765625,6615.64990234375,186600
2014-03-27,6641.75,6673.9501953125,6599.5,6613.10009765625,312400
2014-03-28,6695.89990234375,6702.60009765625,6643.7998046875,6673.0498046875,184800
2014-03-31,6704.2001953125,6730.0498046875,6662.39990234375,6723.14990234375,220600
2014-04-01,6721.0498046875,6732.25,6675.4501953125,6729.5,177800
2014-04-02,6752.5498046875,6763.5,6723.60009765625,6757.60009765625,173300
2014-04-03,6736.10009765625,6776.75,6696.89990234375,6772.0498046875,197500
2014-04-04,6694.35009765625,6741.85009765625,6685.14990234375,6741.85009765625,155100
2014-04-07,6695.0498046875,6725.14990234375,6650.39990234375,6694.25,133900
2014-04-09,6796.2001953125,6808.7001953125,6705.10009765625,6722.0,169800
2014-04-10,6796.39990234375,6819.0498046875,6777.2998046875,6803.0498046875,191100
2014-04-11,6776.2998046875,6789.35009765625,6743.14990234375,6758.35009765625,140700
2014-04-15,6733.10009765625,6813.39990234375,6711.75,6792.7001953125,123200
2014-04-16,6675.2998046875,6748.64990234375,6665.14990234375,6727.25,119800
2014-04-17,6779.39990234375,6783.0498046875,6684.39990234375,6695.4501953125,131500
2014-04-21,6817.64990234375,6825.4501953125,6786.89990234375,6789.25,111800
2014-04-22,6815.35009765625,6838.0,6806.25,6822.89990234375,114700
2014-04-23,6840.7998046875,6861.60009765625,6820.75,6823.25,183000
2014-04-25,6782.75,6869.85009765625,6772.85009765625,6855.7998046875,154300
2014-04-28,6761.25,6786.25,6750.2998046875,6778.5498046875,118200
2014-04-29,6715.25,6779.7001953125,6708.64990234375,6769.0,115500
2014-04-30,6696.39990234375,6780.14990234375,6656.7998046875,6724.9501953125,161100
2014-05-02,6694.7998046875,6737.64990234375,6689.5,6709.9501953125,114300
2014-05-05,6699.35009765625,6741.0498046875,6680.4501953125,6681.64990234375,105000
2014-05-06,6715.2998046875,6743.4501953125,6701.89990234375,6719.25,88300
2014-05-07,6652.5498046875,6718.75,6642.89990234375,6708.60009765625,114100
2014-05-08,6659.85009765625,6688.39990234375,6638.5498046875,6669.89990234375,101600
2014-05-09,6858.7998046875,6871.35009765625,6652.14990234375,6654.14990234375,166400
2014-05-12,7014.25,7020.0498046875,6862.89990234375,6863.39990234375,157700
2014-05-13,7108.75,7172.35009765625,7067.14990234375,7080.0,232200
2014-05-14,7108.75,7142.25,7080.89990234375,7112.0,177200
2014-05-15,7123.14990234375,7152.5498046875,7082.5498046875,7111.2998046875,186800
2014-05-16,7203.0,7563.5,7130.64990234375,7270.2001953125,393200
2014-05-19,7263.5498046875,7291.10009765625,7193.5498046875,7276.85009765625,316200
2014-05-20,7275.5,7353.64990234375,7247.7001953125,7309.9501953125,255300
2014-05-21,7252.89990234375,7287.14990234375,7206.7001953125,7274.85009765625,203100
2014-05-22,7276.39990234375,7319.5498046875,7258.14990234375,7289.9501953125,240900
2014-05-23,7367.10009765625,7381.0,7293.89990234375,7306.5,259600
2014-05-26,7359.0498046875,7504.0,7269.0498046875,7428.75,273200
2014-05-27,7318.0,7372.9501953125,7274.75,7363.10009765625,168600
2014-05-28,7329.64990234375,7344.75,7302.60009765625,7324.9501953125,175600
2014-05-29,7235.64990234375,7325.39990234375,7224.39990234375,7316.60009765625,241100
2014-05-30,7229.9501953125,7272.5,7118.4501953125,7254.85009765625,312200
2014-06-02,7362.5,7368.60009765625,7239.5,7264.0498046875,169900
2014-06-03,7415.85009765625,7424.9501953125,7342.14990234375,7375.35009765625,234700
2014-06-04,7402.25,7433.2998046875,7391.35009765625,7417.5498046875,204600
2014-06-05,7474.10009765625,7484.7001953125,7360.5,7399.75,250700
2014-06-06,7583.39990234375,7592.7001953125,7497.64990234375,7521.5,248400
2014-06-09,7654.60009765625,7673.7001953125,7580.25,7621.64990234375,231900
2014-06-10,7656.39990234375,7683.2001953125,7579.2998046875,7679.0498046875,188700
2014-06-11,7626.85009765625,7700.0498046875,7589.0498046875,7672.39990234375,186200
2014-06-12,7649.89990234375,7658.0,7593.7998046875,7641.2998046875,148200
2014-06-13,7542.10009765625,7678.5,7525.35009765625,7668.2001953125,174500
2014-06-16,7533.5498046875,7548.60009765625,7487.5498046875,7534.7998046875,155400
2014-06-17,7631.7001953125,7637.60009765625,7509.25,7525.0498046875,158000
2014-06-18,7558.2001953125,7663.0,7515.5,7636.0498046875,165100
2014-06-19,7540.7001953125,7606.4501953125,7502.5498046875,7580.0498046875,148900
2014-06-20,7511.4501953125,7560.5498046875,7497.2998046875,7543.2998046875,124100
2014-06-23,7493.35009765625,7534.7998046875,7441.60009765625,7514.0,127400
2014-06-24,7580.2001953125,7593.35009765625,7515.2001953125,7515.2001953125,137000
2014-06-25,7569.25,7589.25,7557.0498046875,7588.5498046875,115000
2014-06-26,7493.2001953125,7570.2001953125,7481.2998046875,7554.10009765625,171700
2014-06-27,7508.7998046875,7538.75,7482.2998046875,7514.2001953125,126700
2014-06-30,7611.35009765625,7623.64990234375,7531.60009765625,7534.0498046875,152300
2014-07-01,7634.7001953125,7649.5,7618.14990234375,7629.0,139400
2014-07-02,7725.14990234375,7732.39990234375,7677.2998046875,7683.0498046875,136300
2014-07-03,7714.7998046875,7754.64990234375,7706.7998046875,7734.35009765625,133800
2014-07-04,7751.60009765625,7758.0,7661.2998046875,7718.10009765625,113100
2014-07-07,7787.14990234375,7792.0,7755.10009765625,7780.39990234375,173900
2014-07-08,7623.2001953125,7808.85009765625,7595.89990234375,7804.0498046875,180600
2014-07-09,7585.0,7650.10009765625,7551.64990234375,7637.9501953125,168300
2014-07-10,7567.75,7731.0498046875,7479.0498046875,7589.5,258400
2014-07-11,7459.60009765625,7625.85009765625,7447.2001953125,7584.10009765625,187600
2014-07-14,7454.14990234375,7478.4501953125,7422.14990234375,7469.0,135200
2014-07-15,7526.64990234375,7534.89990234375,7459.14990234375,7491.2998046875,122100
2014-07-16,7624.39990234375,7640.10009765625,7532.4501953125,7564.14990234375,168000
2014-07-17,7640.4501953125,7655.64990234375,7612.7001953125,7612.7001953125,141600
2014-07-18,7663.89990234375,7685.0,7595.5,7630.25,134600
2014-07-21,7684.2001953125,7722.10009765625,7674.0,7701.64990234375,105400
2014-07-22,7767.85009765625,7773.85009765625,7704.7998046875,7708.2001953125,120100
2014-07-23,7795.75,7809.2001953125,7752.89990234375,7794.89990234375,122100
2014-07-24,7830.60009765625,7835.64990234375,7771.64990234375,7796.25,117600
2014-07-25,7790.4501953125,7840.9501953125,7748.60009765625,7828.2001953125,153900
2014-07-28,7748.7001953125,7799.89990234375,7722.64990234375,7792.89990234375,116500
2014-07-30,7791.39990234375,7798.7001953125,7707.60009765625,7746.2001953125,178100
2014-07-31,7721.2998046875,7791.85009765625,7711.14990234375,7784.64990234375,208900
2014-08-01,7602.60009765625,7716.7001953125,7593.89990234375,7662.5,181100
2014-08-04,7683.64990234375,7694.7998046875,7622.0498046875,7639.5498046875,137000
2014-08-05,7746.5498046875,7752.4501953125,7638.0498046875,7706.64990234375,128200
2014-08-06,7672.0498046875,7740.9501953125,7658.9501953125,7726.14990234375,116400
2014-08-07,7649.25,7708.9501953125,7630.39990234375,7651.14990234375,116800
2014-08-08,7568.5498046875,7592.4501953125,7540.10009765625,7588.7001953125,118400
2014-08-11,7625.9501953125,7635.5498046875,7598.60009765625,7619.85009765625,107000
2014-08-12,7727.0498046875,7735.75,7654.7998046875,7688.7998046875,120600
2014-08-13,7739.5498046875,7757.10009765625,7695.7001953125,7717.2998046875,154100
2014-08-14,7791.7001953125,7796.7001953125,7739.10009765625,7756.14990234375,127300
2014-08-18,7874.25,7880.5,7779.2001953125,7785.25,126700
2014-08-19,7897.5,7918.5498046875,7881.14990234375,7901.0,140600
2014-08-20,7875.2998046875,7922.7001953125,7864.0498046875,7915.7998046875,117300
2014-08-21,7891.10009765625,7919.64990234375,7855.9501953125,7875.35009765625,115200
2014-08-22,7913.2001953125,7929.0498046875,7900.0498046875,7904.5498046875,104100
2014-08-25,7906.2998046875,7968.25,7897.9501953125,7931.75,118500
2014-08-26,7904.75,7915.4501953125,7862.4501953125,7874.5,142800
2014-08-27,7936.0498046875,7946.85009765625,7916.5498046875,7933.89990234375,120000
2014-08-28,7954.35009765625,7967.7998046875,7939.2001953125,7942.25,189700
2014-09-01,8027.7001953125,8035.0,7984.0,7990.35009765625,139300
2014-09-02,8083.0498046875,8101.9501953125,8036.5498046875,8038.60009765625,134900
2014-09-03,8114.60009765625,8141.89990234375,8092.25,8110.85009765625,150700
2014-09-04,8095.9501953125,8114.7998046875,8060.89990234375,8114.2001953125,141300
2014-09-05,8086.85009765625,8122.7001953125,8049.85009765625,8099.89990234375,126000
2014-09-08,8173.89990234375,8180.2001953125,8126.14990234375,8132.9501953125,120700
2014-09-09,8152.9501953125,8174.5498046875,8126.5,8161.89990234375,104700
2014-09-10,8094.10009765625,8135.75,8082.10009765625,8135.5498046875,107100
2014-09-11,8085.7001953125,8127.9501953125,8057.2998046875,8115.14990234375,122800
2014-09-12,8105.5,8114.2998046875,8071.60009765625,8087.0498046875,111400
2014-09-15,8042.0,8077.2998046875,8030.0,8070.35009765625,96500
2014-09-16,7932.89990234375,8044.89990234375,7925.14990234375,8036.60009765625,128000
2014-09-17,7975.5,7990.64990234375,7936.9501953125,7971.5,123700
2014-09-18,8114.75,8120.85009765625,7939.7001953125,7950.64990234375,116900
2014-09-19,8121.4501953125,8160.89990234375,8105.35009765625,8129.39990234375,161300
2014-09-22,8146.2998046875,8159.89990234375,8064.7998046875,8084.4501953125,105500
2014-09-23,8017.5498046875,8159.75,8008.10009765625,8144.39990234375,140800
2014-09-24,8002.39990234375,8042.0498046875,7950.0498046875,8015.5498046875,182200
2014-09-25,7911.85009765625,8019.2998046875,7877.35009765625,8003.2998046875,231900
2014-09-26,7968.85009765625,7993.2998046875,7841.7998046875,7885.85009765625,147800
2014-09-29,7958.89990234375,7991.75,7934.7001953125,7978.4501953125,97300
2014-09-30,7964.7998046875,8030.89990234375,7923.85009765625,7948.7998046875,141100
2014-10-01,7945.5498046875,7977.5,7936.7001953125,7960.5,113000
2014-10-07,7852.39990234375,7943.0498046875,7842.7001953125,7897.39990234375,148200
2014-10-08,7842.7001953125,7869.89990234375,7815.75,7828.75,135900
2014-10-09,7960.5498046875,7972.35009765625,7886.5,7886.5,123800
2014-10-10,7859.9501953125,7924.0498046875,7848.4501953125,7911.0,142900
2014-10-13,7884.25,7901.14990234375,7796.0,7831.0,118800
2014-10-14,7864.0,7928.0,7825.4501953125,7923.25,225500
2014-10-16,7748.2001953125,7893.89990234375,7729.64990234375,7837.2998046875,213500
2014-10-17,7779.7001953125,7819.2001953125,7723.85009765625,7733.75,177600
2014-10-20,7879.39990234375,7905.9501953125,7856.9501953125,7896.9501953125,176200
2014-10-21,7927.75,7936.60009765625,7874.35009765625,7906.14990234375,163400
2014-10-22,7995.89990234375,8005.0,7974.5498046875,7997.7998046875,151100
2014-10-27,7991.7001953125,8064.39990234375,7985.64990234375,8064.35009765625,132800
2014-10-28,8027.60009765625,8037.7998046875,7995.0498046875,8002.39990234375,124100
2014-10-29,8090.4501953125,8097.9501953125,8052.25,8077.0498046875,148300
2014-10-30,8169.2001953125,8181.5498046875,8085.2001953125,8085.2001953125,205700
2014-10-31,8322.2001953125,8330.75,8198.0498046875,8200.7998046875,176200
2014-11-03,8324.150390625,8350.599609375,8297.650390625,8348.150390625,141100
2014-11-05,8338.2998046875,8365.5498046875,8323.5,8351.25,161600
2014-11-07,8337.0,8360.349609375,8290.25,8331.849609375,153400
2014-11-10,8344.25,8383.0498046875,8304.4501953125,8337.7998046875,130700
2014-11-11,8362.650390625,8378.7001953125,8321.849609375,8354.099609375,122000
2014-11-12,8383.2998046875,8415.0498046875,8370.5,8378.900390625,125200
2014-11-13,8357.849609375,8408.0,8320.349609375,8405.25,127400
2014-11-14,8389.900390625,8400.650390625,8346.7998046875,8360.7001953125,146800
2014-11-17,8430.75,8438.099609375,8349.099609375,8378.400390625,113900
2014-11-18,8425.900390625,8454.5,8407.25,8441.25,134700
2014-11-19,8382.2998046875,8455.650390625,8360.5,8440.650390625,125400
2014-11-20,8401.900390625,8410.849609375,8353.150390625,8406.5,122800
2014-11-21,8477.349609375,8489.7998046875,8398.599609375,8408.2001953125,137000
2014-11-24,8530.150390625,8534.650390625,8490.7998046875,8490.9501953125,140700
2014-11-25,8463.099609375,8535.349609375,8429.4501953125,8530.7998046875,271900
2014-11-26,8475.75,8500.2998046875,8438.650390625,8450.2998046875,151900
2014-11-27,8494.2001953125,8506.75,8456.349609375,8477.7998046875,194300
2014-11-28,8588.25,8617.0,8516.25,8516.7998046875,197200
2014-12-01,8555.900390625,8623.0,8545.150390625,8605.099609375,152000
2014-12-02,8524.7001953125,8560.2001953125,8504.650390625,8535.4501953125,137400
2014-12-03,8537.650390625,8546.9501953125,8508.349609375,8528.7001953125,153200
2014-12-04,8564.400390625,8626.9501953125,8526.400390625,8582.400390625,143500
2014-12-05,8538.2998046875,8588.349609375,8523.900390625,8584.25,143300
2014-12-08,8438.25,8546.349609375,8432.25,8538.650390625,163800
2014-12-09,8340.7001953125,8444.5,8330.5,8439.2998046875,146300
2014-12-10,8355.650390625,8376.7998046875,8317.0,8318.0498046875,136700
2014-12-11,8292.900390625,8348.2998046875,8272.400390625,8338.849609375,133900
2014-12-12,8224.099609375,8321.900390625,8216.2998046875,8302.0,138100
2014-12-15,8219.599609375,8242.400390625,8152.5,8160.75,137100
2014-12-16,8067.60009765625,8189.35009765625,8052.60009765625,8172.60009765625,197300
2014-12-17,8029.7998046875,8082.0,7961.35009765625,8041.2001953125,216200
2014-12-18,8159.2998046875,8174.2998046875,8084.89990234375,8138.89990234375,162100
2014-12-19,8225.2001953125,8263.4501953125,8208.599609375,8230.4501953125,174800
2014-12-22,8324.0,8330.9501953125,8228.2001953125,8255.0,139200
2014-12-23,8267.0,8364.75,8252.849609375,8324.599609375,132200
2014-12-24,8174.10009765625,8286.400390625,8155.25,8272.0498046875,221900
2014-12-26,8200.7001953125,8234.5498046875,8147.9501953125,8204.7998046875,75500
2014-12-29,8246.2998046875,8279.150390625,8214.7001953125,8214.7001953125,82100
2014-12-30,8248.25,8268.25,8220.5498046875,8260.2998046875,77700
2014-12-31,8282.7001953125,8291.0,8243.75,8243.900390625,84500
2015-01-02,8395.4501953125,8410.599609375,8288.7001953125,8288.7001953125,101900
2015-01-05,8378.400390625,8445.599609375,8363.900390625,8407.9501953125,118200
2015-01-06,8127.35009765625,8327.849609375,8111.35009765625,8325.2998046875,172800
2015-01-07,8102.10009765625,8151.2001953125,8065.4501953125,8118.64990234375,164100
2015-01-08,8234.599609375,8243.5,8167.2998046875,8191.39990234375,143800
2015-01-09,8284.5,8303.2998046875,8190.7998046875,8285.4501953125,148000
2015-01-12,8323.0,8332.599609375,8245.599609375,8291.349609375,103200
2015-01-13,8299.400390625,8356.650390625,8267.900390625,8346.150390625,129600
2015-01-14,8277.5498046875,8326.4501953125,8236.650390625,8307.25,146100
2015-01-15,8494.150390625,8527.099609375,8380.5498046875,8424.5,232100
2015-01-16,8513.7998046875,8530.75,8452.25,8504.0498046875,176000
2015-01-19,8550.7001953125,8570.9501953125,8531.5,8550.0498046875,125400
2015-01-20,8695.599609375,8707.900390625,8574.5,8575.099609375,158700
2015-01-21,8729.5,8741.849609375,8689.599609375,8719.650390625,185900
2015-01-22,8761.400390625,8774.150390625,8727.0,8745.849609375,175500
2015-01-23,8835.599609375,8866.400390625,8795.400390625,8827.9501953125,191200
2015-01-27,8910.5,8925.0498046875,8825.4501953125,8871.349609375,192000
2015-01-28,8914.2998046875,8985.0498046875,8874.0498046875,8902.75,185100
2015-01-29,8952.349609375,8966.650390625,8861.25,8901.5,256300
2015-01-30,8808.900390625,8996.599609375,8775.099609375,8996.599609375,267300
2015-02-02,8797.400390625,8840.7998046875,8751.099609375,8802.5,210100
2015-02-03,8756.5498046875,8837.2998046875,8726.650390625,8823.150390625,208700
2015-02-04,8723.7001953125,8792.849609375,8704.400390625,8789.150390625,195300
2015-02-05,8711.7001953125,8838.4501953125,8683.650390625,8733.099609375,173600
2015-02-06,8661.0498046875,8726.2001953125,8645.5498046875,8696.849609375,171300
2015-02-09,8526.349609375,8605.5498046875,8516.349609375,8584.400390625,146800
2015-02-10,8565.5498046875,8646.25,8470.5,8478.099609375,196200
2015-02-11,8627.400390625,8651.9501953125,8593.650390625,8603.2998046875,161600
2015-02-12,8711.5498046875,8732.5498046875,8599.25,8676.9501953125,158800
2015-02-13,8805.5,8822.099609375,8729.650390625,8741.5,221900
2015-02-16,8809.349609375,8870.099609375,8793.400390625,8831.400390625,136400
2015-02-18,8869.099609375,8894.2998046875,8808.900390625,8811.5498046875,147600
2015-02-19,8895.2998046875,8913.4501953125,8794.4501953125,8883.0498046875,213300
2015-02-20,8833.599609375,8899.9501953125,8816.2998046875,8895.5,197600
2015-02-23,8754.9501953125,8869.0,8736.099609375,8856.849609375,139600
2015-02-24,8762.099609375,8800.5,8726.75,8772.900390625,149800
2015-02-25,8767.25,8840.650390625,8751.400390625,8801.900390625,135200
2015-02-26,8683.849609375,8786.0498046875,8669.4501953125,8779.0,217500
2015-02-27,8844.599609375,8856.9501953125,8717.4501953125,8729.5,249500
2015-03-02,8956.75,8972.349609375,8885.4501953125,8953.849609375,218100
2015-03-03,8996.25,9008.400390625,8925.5498046875,8962.849609375,177800
2015-03-04,8922.650390625,9119.2001953125,8893.9501953125,9109.150390625,248400
2015-03-05,8937.75,8957.5498046875,8849.349609375,8929.400390625,160100
2015-03-09,8756.75,8891.2998046875,8740.4501953125,8891.150390625,155500
2015-03-10,8712.0498046875,8778.0,8677.349609375,8769.75,163800
2015-03-11,8699.9501953125,8755.599609375,8682.349609375,8728.75,172800
2015-03-12,8776.0,8787.2001953125,8732.900390625,8740.650390625,173900
2015-03-13,8647.75,8849.75,8631.75,8844.0498046875,179200
2015-03-16,8633.150390625,8663.5498046875,8612.0,8656.75,163300
2015-03-17,8723.2998046875,8742.5498046875,8630.7998046875,8689.099609375,177000
2015-03-18,8685.900390625,8747.25,8664.0,8742.900390625,156400
2015-03-19,8634.650390625,8788.2001953125,8614.650390625,8749.4501953125,163500
2015-03-20,8570.900390625,8627.900390625,8553.0,8627.900390625,174600
2015-03-23,8550.900390625,8608.349609375,8540.5498046875,8591.5498046875,150700
2015-03-24,8542.9501953125,8627.75,8535.849609375,8537.0498046875,156700
2015-03-25,8530.7998046875,8573.75,8516.5498046875,8568.900390625,161000
2015-03-26,8342.150390625,8499.4501953125,8325.349609375,8474.9501953125,280100
2015-03-27,8341.400390625,8413.2001953125,8269.150390625,8396.0,193000
2015-03-30,8492.2998046875,8492.2998046875,8380.75,8390.9501953125,134700
2015-03-31,8491.0,8550.4501953125,8454.150390625,8527.599609375,167200
2015-04-01,8586.25,8603.400390625,8464.75,8483.7001953125,125500
2015-04-06,8659.900390625,8667.5498046875,8573.75,8615.7998046875,146900
2015-04-07,8660.2998046875,8693.599609375,8586.849609375,8684.4501953125,148700
2015-04-08,8714.400390625,8730.5,8679.7998046875,8698.9501953125,148200
2015-04-09,8778.2998046875,8785.5,8682.4501953125,8756.2001953125,152700
2015-04-10,8780.349609375,8787.400390625,8733.599609375,8774.349609375,139000
2015-04-13,8834.0,8841.650390625,8762.099609375,8801.75,121600
2015-04-16,8706.7001953125,8760.0,8645.650390625,8757.0498046875,142900
2015-04-17,8606.0,8699.849609375,8596.7001953125,8698.0498046875,150400
2015-04-20,8448.099609375,8619.9501953125,8422.75,8618.7998046875,148900
2015-04-21,8377.75,8469.349609375,8352.7001953125,8416.099609375,407800
2015-04-22,8429.7001953125,8449.9501953125,8284.7001953125,8400.400390625,171800
2015-04-23,8398.2998046875,8504.9501953125,8361.849609375,8478.2001953125,156000
2015-04-24,8305.25,8413.2998046875,8273.349609375,8405.7001953125,173600
2015-04-27,8213.7998046875,8334.4501953125,8202.349609375,8330.5498046875,171500
2015-04-28,8285.599609375,8308.0,8185.14990234375,8215.5498046875,174600
2015-04-29,8239.75,8308.2001953125,8219.2001953125,8274.7998046875,160400
2015-04-30,8181.5,8229.400390625,8144.75,8224.5,267700
2015-05-04,8331.9501953125,8346.0,8220.4501953125,8230.0498046875,131700
2015-05-05,8324.7998046875,8355.650390625,8280.599609375,8338.400390625,155500
2015-05-06,8097.0,8331.9501953125,8083.0,8316.599609375,209600
2015-05-07,8057.2998046875,8122.60009765625,7997.14990234375,8077.0,161600
2015-05-08,8191.5,8224.9501953125,8123.4501953125,8131.5,183100
2015-05-11,8325.25,8332.75,8224.650390625,8243.2001953125,192000
2015-05-12,8126.9501953125,8326.650390625,8115.2998046875,8326.150390625,173400
2015-05-13,8235.4501953125,8254.9501953125,8089.7998046875,8181.5498046875,169800
2015-05-14,8224.2001953125,8236.25,8137.2998046875,8232.4501953125,134800
2015-05-15,8262.349609375,8279.2001953125,8212.2001953125,8240.2998046875,129800
2015-05-18,8373.650390625,8384.599609375,8271.9501953125,8284.9501953125,148700
2015-05-19,8365.650390625,8427.7998046875,8335.0,8356.2001953125,140300
2015-05-20,8423.25,8440.349609375,8391.4501953125,8392.650390625,123600
2015-05-21,8421.0,8446.349609375,8382.5,8434.5,143800
2015-05-22,8458.9501953125,8489.5498046875,8420.599609375,8432.5,187300
2015-05-25,8370.25,8441.9501953125,8364.150390625,8438.150390625,121300
2015-05-26,8339.349609375,8378.900390625,8320.0498046875,8377.099609375,116800
2015-05-27,8334.599609375,8342.849609375,8277.9501953125,8302.75,165500
2015-05-28,8319.0,8364.5,8270.150390625,8345.7001953125,232300
2015-05-29,8433.650390625,8443.900390625,8305.7001953125,8327.099609375,363900
2015-06-01,8433.400390625,8467.150390625,8405.400390625,8417.25,122200
2015-06-02,8236.4501953125,8445.349609375,8226.0498046875,8442.7998046875,146800
2015-06-03,8135.10009765625,8236.7001953125,8094.14990234375,8232.4501953125,171400
2015-06-04,8130.64990234375,8160.0498046875,8056.75,8155.14990234375,154700
2015-06-05,8114.7001953125,8191.0,8100.14990234375,8119.14990234375,162100
2015-06-08,8044.14990234375,8131.0,8030.5498046875,8124.35009765625,135900
2015-06-09,8022.39990234375,8057.14990234375,8005.14990234375,8026.5,136000
2015-06-10,8124.4501953125,8152.25,8023.7998046875,8024.14990234375,136800
2015-06-11,7965.35009765625,8163.0498046875,7958.25,8157.2998046875,166200
2015-06-12,7982.89990234375,7995.60009765625,7940.2998046875,7959.85009765625,136600
2015-06-15,8013.89990234375,8057.7001953125,7944.85009765625,7986.60009765625,133000
2015-06-16,8047.2998046875,8061.85009765625,7952.35009765625,8004.2001953125,124000
